Timestamp,Temp,LoadKW,Setpoint
2026-01-01 00:00,21.1,356.9,22.0
2026-01-01 01:00,21.17,347.5,22.0
2026-01-01 02:00,20.68,341.4,22.0
2026-01-01 03:00,20.99,341.7,22.0
2026-01-01 04:00,21.1,341.0,22.0
2026-01-01 05:00,21.51,349.2,22.0
2026-01-01 06:00,21.54,360.9,22.0
2026-01-01 07:00,21.41,366.3,22.0
2026-01-01 08:00,22.24,385.7,22.0
2026-01-01 09:00,22.2,400.2,22.0
2026-01-01 10:00,22.22,418.2,22.0
2026-01-01 11:00,22.74,428.4,22.0
2026-01-01 12:00,22.89,446.8,22.0
2026-01-01 13:00,23.05,453.8,22.0
2026-01-01 14:00,22.86,461.9,22.0
2026-01-01 15:00,22.74,462.8,22.0
2026-01-01 16:00,22.52,444.9,22.0
2026-01-01 17:00,22.83,447.4,22.0
2026-01-01 18:00,22.37,445.7,22.0
2026-01-01 19:00,22.19,434.2,22.0
2026-01-01 20:00,21.98,415.1,22.0
2026-01-01 21:00,21.96,400.6,22.0
2026-01-01 22:00,21.67,387.7,22.0
2026-01-01 23:00,21.48,373.2,22.0
2026-01-02 00:00,20.95,354.4,22.0
2026-01-02 01:00,21.09,345.7,22.0
2026-01-02 02:00,21.43,340.8,22.0
2026-01-02 03:00,20.71,335.9,22.0
2026-01-02 04:00,21.46,345.9,22.0
2026-01-02 05:00,21.47,350.6,22.0
2026-01-02 06:00,21.58,364.7,22.0
2026-01-02 07:00,21.44,362.9,22.0
2026-01-02 08:00,21.76,389.2,22.0
2026-01-02 09:00,22.27,400.2,22.0
2026-01-02 10:00,22.57,414.0,22.0
2026-01-02 11:00,23.2,432.9,22.0
2026-01-02 12:00,22.79,445.5,22.0
2026-01-02 13:00,22.74,449.2,22.0
2026-01-02 14:00,22.99,462.7,22.0
2026-01-02 15:00,23.13,459.6,22.0
2026-01-02 16:00,22.77,454.3,22.0
2026-01-02 17:00,22.35,442.8,22.0
2026-01-02 18:00,22.57,439.6,22.0
2026-01-02 19:00,22.43,436.0,22.0
2026-01-02 20:00,22.11,416.8,22.0
2026-01-02 21:00,22.08,405.4,22.0
2026-01-02 22:00,21.36,385.8,22.0
2026-01-02 23:00,21.49,374.5,22.0
2026-01-03 00:00,21.27,363.7,22.0
2026-01-03 01:00,21.16,357.8,22.0
2026-01-03 02:00,21.17,350.0,22.0
2026-01-03 03:00,20.73,337.4,22.0
2026-01-03 04:00,21.37,341.3,22.0
2026-01-03 05:00,21.47,352.1,22.0
2026-01-03 06:00,21.36,345.7,22.0
2026-01-03 07:00,21.64,372.8,22.0
2026-01-03 08:00,21.89,381.3,22.0
2026-01-03 09:00,22.17,408.6,22.0
2026-01-03 10:00,22.69,413.4,22.0
2026-01-03 11:00,22.56,427.8,22.0
2026-01-03 12:00,22.61,442.9,22.0
2026-01-03 13:00,22.74,453.1,22.0
2026-01-03 14:00,23.1,462.4,22.0
2026-01-03 15:00,23.27,471.4,22.0
2026-01-03 16:00,22.78,464.8,22.0
2026-01-03 17:00,22.8,451.4,22.0
2026-01-03 18:00,22.39,451.2,22.0
2026-01-03 19:00,22.53,435.0,22.0
2026-01-03 20:00,22.35,423.2,22.0
2026-01-03 21:00,21.69,400.3,22.0
2026-01-03 22:00,21.45,378.2,22.0
2026-01-03 23:00,21.71,369.0,22.0
2026-01-04 00:00,21.15,354.5,22.0
2026-01-04 01:00,20.8,340.2,22.0
2026-01-04 02:00,21.18,343.4,22.0
2026-01-04 03:00,21.15,347.2,22.0
2026-01-04 04:00,21.08,336.5,22.0
2026-01-04 05:00,21.4,350.6,22.0
2026-01-04 06:00,21.61,354.1,22.0
2026-01-04 07:00,21.84,370.4,22.0
2026-01-04 08:00,22.2,390.8,22.0
2026-01-04 09:00,22.67,401.4,22.0
2026-01-04 10:00,22.43,416.7,22.0
2026-01-04 11:00,22.99,430.6,22.0
2026-01-04 12:00,22.96,443.0,22.0
2026-01-04 13:00,22.98,457.9,22.0
2026-01-04 14:00,22.9,449.3,22.0
2026-01-04 15:00,22.89,461.1,22.0
2026-01-04 16:00,23.11,462.3,22.0
2026-01-04 17:00,22.75,447.0,22.0
2026-01-04 18:00,22.23,441.4,22.0
2026-01-04 19:00,22.35,432.3,22.0
2026-01-04 20:00,22.08,411.8,22.0
2026-01-04 21:00,21.72,402.4,22.0
2026-01-04 22:00,21.78,386.5,22.0
2026-01-04 23:00,21.33,366.4,22.0
2026-01-05 00:00,21.6,357.6,22.0
2026-01-05 01:00,20.99,338.7,22.0
2026-01-05 02:00,20.94,340.5,22.0
2026-01-05 03:00,21.2,349.5,22.0
2026-01-05 04:00,21.24,353.2,22.0
2026-01-05 05:00,21.19,349.8,22.0
2026-01-05 06:00,21.39,354.1,22.0
2026-01-05 07:00,21.7,368.6,22.0
2026-01-05 08:00,22.14,373.9,22.0
2026-01-05 09:00,22.54,399.2,22.0
2026-01-05 10:00,22.42,410.5,22.0
2026-01-05 11:00,22.82,445.8,22.0
2026-01-05 12:00,22.59,434.9,22.0
2026-01-05 13:00,23.15,454.3,22.0
2026-01-05 14:00,23.09,464.4,22.0
2026-01-05 15:00,22.74,452.0,22.0
2026-01-05 16:00,23.12,464.2,22.0
2026-01-05 17:00,22.55,442.2,22.0
2026-01-05 18:00,23.11,449.4,22.0
2026-01-05 19:00,22.43,432.8,22.0
2026-01-05 20:00,21.76,409.3,22.0
2026-01-05 21:00,21.89,400.2,22.0
2026-01-05 22:00,21.5,387.4,22.0
2026-01-05 23:00,21.05,364.2,22.0
2026-01-06 00:00,21.16,351.8,22.0
2026-01-06 01:00,20.74,336.5,22.0
2026-01-06 02:00,21.34,344.3,22.0
2026-01-06 03:00,21.22,340.4,22.0
2026-01-06 04:00,20.91,340.0,22.0
2026-01-06 05:00,21.49,344.7,22.0
2026-01-06 06:00,21.65,362.5,22.0
2026-01-06 07:00,22.02,386.7,22.0
2026-01-06 08:00,22.07,387.6,22.0
2026-01-06 09:00,22.65,398.9,22.0
2026-01-06 10:00,22.33,423.1,22.0
2026-01-06 11:00,22.72,428.0,22.0
2026-01-06 12:00,22.66,446.3,22.0
2026-01-06 13:00,22.35,440.7,22.0
2026-01-06 14:00,22.98,457.6,22.0
2026-01-06 15:00,22.87,461.7,22.0
2026-01-06 16:00,22.37,451.8,22.0
2026-01-06 17:00,22.86,453.6,22.0
2026-01-06 18:00,22.81,447.4,22.0
2026-01-06 19:00,22.56,429.0,22.0
2026-01-06 20:00,21.9,414.8,22.0
2026-01-06 21:00,21.62,397.4,22.0
2026-01-06 22:00,21.35,373.6,22.0
2026-01-06 23:00,21.27,371.2,22.0
2026-01-07 00:00,21.15,354.0,22.0
2026-01-07 01:00,21.22,356.6,22.0
2026-01-07 02:00,20.82,339.5,22.0
2026-01-07 03:00,20.75,339.7,22.0
2026-01-07 04:00,21.1,341.4,22.0
2026-01-07 05:00,21.62,357.3,22.0
2026-01-07 06:00,21.41,362.7,22.0
2026-01-07 07:00,21.53,373.3,22.0
2026-01-07 08:00,22.06,386.0,22.0
2026-01-07 09:00,22.54,396.2,22.0
2026-01-07 10:00,22.14,418.4,22.0
2026-01-07 11:00,22.65,432.8,22.0
2026-01-07 12:00,22.94,442.4,22.0
2026-01-07 13:00,22.59,453.9,22.0
2026-01-07 14:00,23.05,452.2,22.0
2026-01-07 15:00,23.5,466.5,22.0
2026-01-07 16:00,22.67,467.0,22.0
2026-01-07 17:00,22.44,455.8,22.0
2026-01-07 18:00,22.76,450.5,22.0
2026-01-07 19:00,22.6,424.3,22.0
2026-01-07 20:00,21.74,418.7,22.0
2026-01-07 21:00,21.67,401.5,22.0
2026-01-07 22:00,21.46,385.0,22.0
2026-01-07 23:00,21.18,376.9,22.0
2026-01-08 00:00,21.55,359.2,22.0
2026-01-08 01:00,21.0,343.9,22.0
2026-01-08 02:00,20.87,343.1,22.0
2026-01-08 03:00,21.1,343.2,22.0
2026-01-08 04:00,21.36,337.3,22.0
2026-01-08 05:00,21.3,352.0,22.0
2026-01-08 06:00,21.23,354.4,22.0
2026-01-08 07:00,21.78,376.2,22.0
2026-01-08 08:00,21.96,386.8,22.0
2026-01-08 09:00,22.25,403.1,22.0
2026-01-08 10:00,22.5,419.3,22.0
2026-01-08 11:00,22.9,434.1,22.0
2026-01-08 12:00,22.66,441.8,22.0
2026-01-08 13:00,22.72,447.3,22.0
2026-01-08 14:00,23.08,453.0,22.0
2026-01-08 15:00,23.3,459.8,22.0
2026-01-08 16:00,23.13,469.4,22.0
2026-01-08 17:00,22.52,444.2,22.0
2026-01-08 18:00,22.24,442.0,22.0
2026-01-08 19:00,22.34,428.7,22.0
2026-01-08 20:00,21.85,413.2,22.0
2026-01-08 21:00,22.07,396.2,22.0
2026-01-08 22:00,21.36,383.7,22.0
2026-01-08 23:00,21.48,368.1,22.0
2026-01-09 00:00,21.18,354.2,22.0
2026-01-09 01:00,21.26,351.7,22.0
2026-01-09 02:00,21.02,349.0,22.0
2026-01-09 03:00,20.97,345.7,22.0
2026-01-09 04:00,21.3,340.1,22.0
2026-01-09 05:00,21.33,352.2,22.0
2026-01-09 06:00,21.44,351.6,22.0
2026-01-09 07:00,21.44,366.8,22.0
2026-01-09 08:00,21.93,381.2,22.0
2026-01-09 09:00,22.07,389.4,22.0
2026-01-09 10:00,22.36,416.4,22.0
2026-01-09 11:00,22.9,435.2,22.0
2026-01-09 12:00,22.65,439.4,22.0
2026-01-09 13:00,22.73,455.4,22.0
2026-01-09 14:00,22.85,456.3,22.0
2026-01-09 15:00,23.04,460.3,22.0
2026-01-09 16:00,23.13,458.1,22.0
2026-01-09 17:00,22.71,453.1,22.0
2026-01-09 18:00,22.57,436.4,22.0
2026-01-09 19:00,22.65,432.6,22.0
2026-01-09 20:00,21.98,411.8,22.0
2026-01-09 21:00,21.76,399.7,22.0
2026-01-09 22:00,21.2,384.5,22.0
2026-01-09 23:00,21.54,374.1,22.0
2026-01-10 00:00,21.71,363.2,22.0
2026-01-10 01:00,21.0,346.4,22.0
2026-01-10 02:00,21.38,342.1,22.0
2026-01-10 03:00,20.94,331.3,22.0
2026-01-10 04:00,20.44,334.7,22.0
2026-01-10 05:00,20.77,337.9,22.0
2026-01-10 06:00,21.38,362.9,22.0
2026-01-10 07:00,21.43,368.9,22.0
2026-01-10 08:00,21.79,387.5,22.0
2026-01-10 09:00,22.15,406.6,22.0
2026-01-10 10:00,22.41,411.7,22.0
2026-01-10 11:00,22.97,430.1,22.0
2026-01-10 12:00,22.62,443.0,22.0
2026-01-10 13:00,22.79,449.2,22.0
2026-01-10 14:00,23.16,461.6,22.0
2026-01-10 15:00,23.15,459.4,22.0
2026-01-10 16:00,22.82,455.3,22.0
2026-01-10 17:00,23.07,452.9,22.0
2026-01-10 18:00,22.47,441.9,22.0
2026-01-10 19:00,22.34,424.8,22.0
2026-01-10 20:00,22.06,412.6,22.0
2026-01-10 21:00,21.81,390.5,22.0
2026-01-10 22:00,21.25,377.8,22.0
2026-01-10 23:00,21.16,375.3,22.0
2026-01-11 00:00,21.16,357.2,22.0
2026-01-11 01:00,21.21,343.0,22.0
2026-01-11 02:00,20.75,349.5,22.0
2026-01-11 03:00,21.03,332.8,22.0
2026-01-11 04:00,20.89,335.5,22.0
2026-01-11 05:00,21.4,348.7,22.0
2026-01-11 06:00,21.45,356.5,22.0
2026-01-11 07:00,21.87,366.1,22.0
2026-01-11 08:00,21.97,382.0,22.0
2026-01-11 09:00,22.18,397.4,22.0
2026-01-11 10:00,22.41,414.7,22.0
2026-01-11 11:00,22.74,424.9,22.0
2026-01-11 12:00,23.04,449.5,22.0
2026-01-11 13:00,23.2,455.6,22.0
2026-01-11 14:00,23.16,462.6,22.0
2026-01-11 15:00,23.18,461.1,22.0
2026-01-11 16:00,22.71,458.3,22.0
2026-01-11 17:00,22.37,452.1,22.0
2026-01-11 18:00,22.63,442.4,22.0
2026-01-11 19:00,22.46,436.2,22.0
2026-01-11 20:00,22.14,420.2,22.0
2026-01-11 21:00,21.4,394.9,22.0
2026-01-11 22:00,21.17,379.6,22.0
2026-01-11 23:00,21.34,373.2,22.0
2026-01-12 00:00,21.22,360.4,22.0
2026-01-12 01:00,21.35,353.3,22.0
2026-01-12 02:00,20.87,338.8,22.0
2026-01-12 03:00,20.63,337.3,22.0
2026-01-12 04:00,21.41,345.4,22.0
2026-01-12 05:00,21.15,348.0,22.0
2026-01-12 06:00,21.09,363.0,22.0
2026-01-12 07:00,21.74,370.9,22.0
2026-01-12 08:00,22.17,381.6,22.0
2026-01-12 09:00,22.26,404.9,22.0
2026-01-12 10:00,22.37,415.1,22.0
2026-01-12 11:00,22.36,427.4,22.0
2026-01-12 12:00,23.19,449.3,22.0
2026-01-12 13:00,22.82,456.0,22.0
2026-01-12 14:00,23.61,468.4,22.0
2026-01-12 15:00,22.83,460.9,22.0
2026-01-12 16:00,22.9,453.6,22.0
2026-01-12 17:00,22.65,447.4,22.0
2026-01-12 18:00,22.36,447.9,22.0
2026-01-12 19:00,22.82,440.0,22.0
2026-01-12 20:00,21.64,409.3,22.0
2026-01-12 21:00,21.55,398.6,22.0
2026-01-12 22:00,21.0,383.2,22.0
2026-01-12 23:00,21.66,368.9,22.0
2026-01-13 00:00,20.99,352.0,22.0
2026-01-13 01:00,21.02,340.6,22.0
2026-01-13 02:00,21.36,340.9,22.0
2026-01-13 03:00,20.96,341.0,22.0
2026-01-13 04:00,21.05,344.8,22.0
2026-01-13 05:00,21.18,341.3,22.0
2026-01-13 06:00,21.47,356.7,22.0
2026-01-13 07:00,21.63,371.9,22.0
2026-01-13 08:00,22.34,386.6,22.0
2026-01-13 09:00,22.45,394.5,22.0
2026-01-13 10:00,22.28,414.3,22.0
2026-01-13 11:00,22.95,442.1,22.0
2026-01-13 12:00,23.15,449.3,22.0
2026-01-13 13:00,22.82,443.6,22.0
2026-01-13 14:00,22.69,455.3,22.0
2026-01-13 15:00,22.83,451.1,22.0
2026-01-13 16:00,23.04,460.9,22.0
2026-01-13 17:00,22.56,450.4,22.0
2026-01-13 18:00,22.34,437.5,22.0
2026-01-13 19:00,22.17,424.8,22.0
2026-01-13 20:00,21.87,415.4,22.0
2026-01-13 21:00,21.61,398.8,22.0
2026-01-13 22:00,21.64,384.4,22.0
2026-01-13 23:00,21.43,370.9,22.0
2026-01-14 00:00,20.91,349.3,22.0
2026-01-14 01:00,21.19,349.4,22.0
2026-01-14 02:00,20.86,334.1,22.0
2026-01-14 03:00,21.1,346.0,22.0
2026-01-14 04:00,21.18,341.6,22.0
2026-01-14 05:00,21.41,349.3,22.0
2026-01-14 06:00,21.49,357.9,22.0
2026-01-14 07:00,21.58,366.1,22.0
2026-01-14 08:00,22.03,390.7,22.0
2026-01-14 09:00,22.1,399.2,22.0
2026-01-14 10:00,22.37,419.5,22.0
2026-01-14 11:00,22.58,434.6,22.0
2026-01-14 12:00,22.78,437.1,22.0
2026-01-14 13:00,23.03,452.6,22.0
2026-01-14 14:00,23.03,463.3,22.0
2026-01-14 15:00,22.85,462.2,22.0
2026-01-14 16:00,23.15,464.3,22.0
2026-01-14 17:00,22.84,454.6,22.0
2026-01-14 18:00,22.4,438.5,22.0
2026-01-14 19:00,22.36,432.5,22.0
2026-01-14 20:00,21.79,416.1,22.0
2026-01-14 21:00,21.67,400.9,22.0
2026-01-14 22:00,21.4,379.1,22.0
2026-01-14 23:00,21.28,360.7,22.0
2026-01-15 00:00,21.23,361.8,22.0
2026-01-15 01:00,20.75,343.1,22.0
2026-01-15 02:00,20.49,341.3,22.0
2026-01-15 03:00,21.16,340.9,22.0
2026-01-15 04:00,20.97,340.5,22.0
2026-01-15 05:00,21.34,348.9,22.0
2026-01-15 06:00,21.56,363.0,22.0
2026-01-15 07:00,21.53,366.6,22.0
2026-01-15 08:00,22.28,385.4,22.0
2026-01-15 09:00,21.97,398.4,22.0
2026-01-15 10:00,21.95,411.2,22.0
2026-01-15 11:00,22.44,431.6,22.0
2026-01-15 12:00,22.33,436.3,22.0
2026-01-15 13:00,22.96,446.4,22.0
2026-01-15 14:00,22.53,451.4,22.0
2026-01-15 15:00,22.94,460.9,22.0
2026-01-15 16:00,23.09,460.1,22.0
2026-01-15 17:00,22.49,451.9,22.0
2026-01-15 18:00,22.64,441.8,22.0
2026-01-15 19:00,21.96,427.1,22.0
2026-01-15 20:00,22.08,421.0,22.0
2026-01-15 21:00,21.75,398.0,22.0
2026-01-15 22:00,21.7,389.6,22.0
2026-01-15 23:00,21.43,368.3,22.0
2026-01-16 00:00,21.64,368.3,22.0
2026-01-16 01:00,20.88,351.4,22.0
2026-01-16 02:00,21.13,360.8,22.0
2026-01-16 03:00,20.83,338.1,22.0
2026-01-16 04:00,21.35,350.2,22.0
2026-01-16 05:00,21.16,340.9,22.0
2026-01-16 06:00,21.44,360.3,22.0
2026-01-16 07:00,21.42,363.9,22.0
2026-01-16 08:00,21.91,382.3,22.0
2026-01-16 09:00,22.31,397.4,22.0
2026-01-16 10:00,22.02,410.8,22.0
2026-01-16 11:00,22.87,426.3,22.0
2026-01-16 12:00,23.26,439.6,22.0
2026-01-16 13:00,22.78,454.4,22.0
2026-01-16 14:00,22.97,453.8,22.0
2026-01-16 15:00,23.35,454.1,22.0
2026-01-16 16:00,22.94,453.0,22.0
2026-01-16 17:00,22.87,459.3,22.0
2026-01-16 18:00,22.39,437.4,22.0
2026-01-16 19:00,22.52,431.8,22.0
2026-01-16 20:00,21.78,415.8,22.0
2026-01-16 21:00,21.66,400.2,22.0
2026-01-16 22:00,21.18,373.6,22.0
2026-01-16 23:00,21.3,362.8,22.0
2026-01-17 00:00,21.72,367.3,22.0
2026-01-17 01:00,20.89,345.2,22.0
2026-01-17 02:00,21.27,345.5,22.0
2026-01-17 03:00,20.94,337.9,22.0
2026-01-17 04:00,21.3,353.1,22.0
2026-01-17 05:00,21.23,345.6,22.0
2026-01-17 06:00,21.31,360.5,22.0
2026-01-17 07:00,21.43,368.8,22.0
2026-01-17 08:00,22.3,383.1,22.0
2026-01-17 09:00,22.27,403.7,22.0
2026-01-17 10:00,22.3,410.9,22.0
2026-01-17 11:00,22.67,435.3,22.0
2026-01-17 12:00,22.72,449.7,22.0
2026-01-17 13:00,23.28,450.5,22.0
2026-01-17 14:00,23.05,447.9,22.0
2026-01-17 15:00,22.78,450.7,22.0
2026-01-17 16:00,23.05,457.1,22.0
2026-01-17 17:00,22.05,436.2,22.0
2026-01-17 18:00,22.5,439.6,22.0
2026-01-17 19:00,22.18,425.5,22.0
2026-01-17 20:00,21.85,409.6,22.0
2026-01-17 21:00,21.75,395.8,22.0
2026-01-17 22:00,21.88,387.4,22.0
2026-01-17 23:00,21.19,366.7,22.0
2026-01-18 00:00,21.1,357.8,22.0
2026-01-18 01:00,20.72,347.8,22.0
2026-01-18 02:00,20.85,343.9,22.0
2026-01-18 03:00,20.6,335.2,22.0
2026-01-18 04:00,21.19,347.8,22.0
2026-01-18 05:00,21.42,353.8,22.0
2026-01-18 06:00,21.06,349.1,22.0
2026-01-18 07:00,21.61,373.8,22.0
2026-01-18 08:00,21.8,379.0,22.0
2026-01-18 09:00,21.99,399.1,22.0
2026-01-18 10:00,22.33,413.9,22.0
2026-01-18 11:00,22.52,417.1,22.0
2026-01-18 12:00,23.03,438.4,22.0
2026-01-18 13:00,22.53,446.2,22.0
2026-01-18 14:00,22.81,463.9,22.0
2026-01-18 15:00,23.04,456.8,22.0
2026-01-18 16:00,22.54,456.3,22.0
2026-01-18 17:00,22.73,452.9,22.0
2026-01-18 18:00,22.79,448.8,22.0
2026-01-18 19:00,22.28,445.2,22.0
2026-01-18 20:00,21.84,415.4,22.0
2026-01-18 21:00,22.07,405.8,22.0
2026-01-18 22:00,21.46,388.2,22.0
2026-01-18 23:00,20.84,366.3,22.0
2026-01-19 00:00,21.42,366.1,22.0
2026-01-19 01:00,21.2,346.7,22.0
2026-01-19 02:00,21.26,345.8,22.0
2026-01-19 03:00,20.71,331.9,22.0
2026-01-19 04:00,21.19,343.0,22.0
2026-01-19 05:00,21.14,352.8,22.0
2026-01-19 06:00,21.91,358.2,22.0
2026-01-19 07:00,21.93,373.5,22.0
2026-01-19 08:00,22.1,384.4,22.0
2026-01-19 09:00,22.41,409.0,22.0
2026-01-19 10:00,22.41,421.6,22.0
2026-01-19 11:00,22.92,433.0,22.0
2026-01-19 12:00,22.99,438.7,22.0
2026-01-19 13:00,22.73,448.6,22.0
2026-01-19 14:00,23.4,457.9,22.0
2026-01-19 15:00,23.21,461.5,22.0
2026-01-19 16:00,22.84,454.3,22.0
2026-01-19 17:00,22.52,446.1,22.0
2026-01-19 18:00,22.62,446.6,22.0
2026-01-19 19:00,22.41,437.3,22.0
2026-01-19 20:00,22.29,414.5,22.0
2026-01-19 21:00,21.42,396.8,22.0
2026-01-19 22:00,21.75,391.0,22.0
2026-01-19 23:00,21.11,359.2,22.0
2026-01-20 00:00,21.46,355.6,22.0
2026-01-20 01:00,20.85,344.4,22.0
2026-01-20 02:00,20.69,337.5,22.0
2026-01-20 03:00,20.65,336.5,22.0
2026-01-20 04:00,20.68,336.9,22.0
2026-01-20 05:00,20.79,340.6,22.0
2026-01-20 06:00,21.26,355.0,22.0
2026-01-20 07:00,21.66,363.9,22.0
2026-01-20 08:00,21.86,384.2,22.0
2026-01-20 09:00,22.48,397.7,22.0
2026-01-20 10:00,22.58,416.7,22.0
2026-01-20 11:00,22.29,417.1,22.0
2026-01-20 12:00,22.55,431.6,22.0
2026-01-20 13:00,22.86,453.8,22.0
2026-01-20 14:00,22.86,460.5,22.0
2026-01-20 15:00,22.73,462.9,22.0
2026-01-20 16:00,22.96,456.6,22.0
2026-01-20 17:00,22.78,454.6,22.0
2026-01-20 18:00,22.66,452.1,22.0
2026-01-20 19:00,21.71,427.7,22.0
2026-01-20 20:00,22.15,424.4,22.0
2026-01-20 21:00,21.93,394.1,22.0
2026-01-20 22:00,21.68,390.6,22.0
2026-01-20 23:00,21.26,362.8,22.0
2026-01-21 00:00,20.86,354.5,22.0
2026-01-21 01:00,20.72,353.3,22.0
2026-01-21 02:00,21.14,344.9,22.0
2026-01-21 03:00,21.28,350.3,22.0
2026-01-21 04:00,20.73,331.8,22.0
2026-01-21 05:00,21.33,348.4,22.0
2026-01-21 06:00,21.16,362.5,22.0
2026-01-21 07:00,21.85,368.4,22.0
2026-01-21 08:00,22.48,392.2,22.0
2026-01-21 09:00,22.39,398.0,22.0
2026-01-21 10:00,22.87,424.1,22.0
2026-01-21 11:00,22.92,433.6,22.0
2026-01-21 12:00,22.48,438.5,22.0
2026-01-21 13:00,22.99,456.9,22.0
2026-01-21 14:00,22.89,457.8,22.0
2026-01-21 15:00,23.0,458.0,22.0
2026-01-21 16:00,22.81,452.8,22.0
2026-01-21 17:00,22.76,453.2,22.0
2026-01-21 18:00,22.63,438.7,22.0
2026-01-21 19:00,22.38,439.4,22.0
2026-01-21 20:00,22.35,421.7,22.0
2026-01-21 21:00,21.37,386.7,22.0
2026-01-21 22:00,21.63,381.3,22.0
2026-01-21 23:00,21.44,370.9,22.0
2026-01-22 00:00,21.04,360.8,22.0
2026-01-22 01:00,20.72,344.3,22.0
2026-01-22 02:00,20.95,341.2,22.0
2026-01-22 03:00,20.88,340.9,22.0
2026-01-22 04:00,21.37,346.6,22.0
2026-01-22 05:00,21.55,355.8,22.0
2026-01-22 06:00,21.6,358.5,22.0
2026-01-22 07:00,21.62,373.0,22.0
2026-01-22 08:00,22.42,390.9,22.0
2026-01-22 09:00,22.42,409.9,22.0
2026-01-22 10:00,22.58,417.2,22.0
2026-01-22 11:00,22.8,430.0,22.0
2026-01-22 12:00,22.8,441.8,22.0
2026-01-22 13:00,23.17,460.8,22.0
2026-01-22 14:00,23.19,458.3,22.0
2026-01-22 15:00,23.06,460.8,22.0
2026-01-22 16:00,22.65,457.6,22.0
2026-01-22 17:00,22.52,451.8,22.0
2026-01-22 18:00,22.33,443.5,22.0
2026-01-22 19:00,22.55,434.6,22.0
2026-01-22 20:00,22.06,416.9,22.0
2026-01-22 21:00,21.44,402.1,22.0
2026-01-22 22:00,21.4,379.0,22.0
2026-01-22 23:00,21.34,371.7,22.0
2026-01-23 00:00,21.08,352.6,22.0
2026-01-23 01:00,20.78,345.8,22.0
2026-01-23 02:00,20.98,343.7,22.0
2026-01-23 03:00,21.26,346.0,22.0
2026-01-23 04:00,21.24,345.7,22.0
2026-01-23 05:00,20.98,343.8,22.0
2026-01-23 06:00,21.88,350.2,22.0
2026-01-23 07:00,21.54,364.6,22.0
2026-01-23 08:00,21.86,382.7,22.0
2026-01-23 09:00,21.78,397.1,22.0
2026-01-23 10:00,22.08,410.5,22.0
2026-01-23 11:00,22.53,429.4,22.0
2026-01-23 12:00,22.82,439.0,22.0
2026-01-23 13:00,23.09,449.0,22.0
2026-01-23 14:00,23.02,456.0,22.0
2026-01-23 15:00,22.99,453.4,22.0
2026-01-23 16:00,22.94,455.9,22.0
2026-01-23 17:00,22.75,453.6,22.0
2026-01-23 18:00,22.49,443.5,22.0
2026-01-23 19:00,22.63,436.7,22.0
2026-01-23 20:00,21.86,417.9,22.0
2026-01-23 21:00,21.55,394.5,22.0
2026-01-23 22:00,21.6,383.2,22.0
2026-01-23 23:00,21.47,365.5,22.0
2026-01-24 00:00,20.75,357.6,22.0
2026-01-24 01:00,20.47,345.7,22.0
2026-01-24 02:00,20.81,338.3,22.0
2026-01-24 03:00,20.89,336.9,22.0
2026-01-24 04:00,20.94,340.1,22.0
2026-01-24 05:00,21.64,355.6,22.0
2026-01-24 06:00,21.59,351.9,22.0
2026-01-24 07:00,21.36,361.9,22.0
2026-01-24 08:00,21.65,392.1,22.0
2026-01-24 09:00,22.02,402.9,22.0
2026-01-24 10:00,22.41,414.8,22.0
2026-01-24 11:00,22.69,438.5,22.0
2026-01-24 12:00,22.97,442.1,22.0
2026-01-24 13:00,22.77,450.7,22.0
2026-01-24 14:00,23.02,457.7,22.0
2026-01-24 15:00,22.89,464.4,22.0
2026-01-24 16:00,22.92,455.7,22.0
2026-01-24 17:00,22.7,451.1,22.0
2026-01-24 18:00,22.41,442.3,22.0
2026-01-24 19:00,22.32,426.0,22.0
2026-01-24 20:00,22.17,410.1,22.0
2026-01-24 21:00,21.55,401.1,22.0
2026-01-24 22:00,21.6,385.9,22.0
2026-01-24 23:00,21.63,373.8,22.0
2026-01-25 00:00,20.97,355.7,22.0
2026-01-25 01:00,20.78,345.0,22.0
2026-01-25 02:00,20.97,338.3,22.0
2026-01-25 03:00,20.92,340.1,22.0
2026-01-25 04:00,21.1,338.4,22.0
2026-01-25 05:00,20.99,345.5,22.0
2026-01-25 06:00,21.38,356.8,22.0
2026-01-25 07:00,21.75,364.6,22.0
2026-01-25 08:00,22.04,388.7,22.0
2026-01-25 09:00,22.33,400.7,22.0
2026-01-25 10:00,22.64,415.4,22.0
2026-01-25 11:00,22.86,438.3,22.0
2026-01-25 12:00,23.07,444.6,22.0
2026-01-25 13:00,22.7,450.3,22.0
2026-01-25 14:00,22.79,462.5,22.0
2026-01-25 15:00,23.34,468.9,22.0
2026-01-25 16:00,22.93,458.9,22.0
2026-01-25 17:00,22.74,460.7,22.0
2026-01-25 18:00,22.31,436.6,22.0
2026-01-25 19:00,22.08,428.7,22.0
2026-01-25 20:00,22.09,416.3,22.0
2026-01-25 21:00,22.03,395.9,22.0
2026-01-25 22:00,21.14,377.5,22.0
2026-01-25 23:00,21.32,371.9,22.0
2026-01-26 00:00,21.07,359.7,22.0
2026-01-26 01:00,20.81,342.9,22.0
2026-01-26 02:00,21.03,338.6,22.0
2026-01-26 03:00,21.12,337.6,22.0
2026-01-26 04:00,21.37,345.0,22.0
2026-01-26 05:00,21.5,352.5,22.0
2026-01-26 06:00,21.43,361.4,22.0
2026-01-26 07:00,21.3,368.7,22.0
2026-01-26 08:00,21.84,385.9,22.0
2026-01-26 09:00,22.36,402.0,22.0
2026-01-26 10:00,22.12,408.8,22.0
2026-01-26 11:00,22.54,428.3,22.0
2026-01-26 12:00,22.63,443.3,22.0
2026-01-26 13:00,22.63,452.2,22.0
2026-01-26 14:00,22.94,447.2,22.0
2026-01-26 15:00,22.75,453.5,22.0
2026-01-26 16:00,22.48,450.9,22.0
2026-01-26 17:00,22.63,450.0,22.0
2026-01-26 18:00,22.74,447.3,22.0
2026-01-26 19:00,22.44,428.7,22.0
2026-01-26 20:00,22.24,421.1,22.0
2026-01-26 21:00,21.95,398.0,22.0
2026-01-26 22:00,21.85,393.3,22.0
2026-01-26 23:00,21.68,378.9,22.0
2026-01-27 00:00,21.02,361.8,22.0
2026-01-27 01:00,20.92,342.5,22.0
2026-01-27 02:00,20.71,333.7,22.0
2026-01-27 03:00,20.97,344.3,22.0
2026-01-27 04:00,20.88,344.7,22.0
2026-01-27 05:00,21.41,345.6,22.0
2026-01-27 06:00,21.53,358.6,22.0
2026-01-27 07:00,22.12,378.5,22.0
2026-01-27 08:00,22.13,380.1,22.0
2026-01-27 09:00,22.15,396.9,22.0
2026-01-27 10:00,22.68,415.6,22.0
2026-01-27 11:00,22.66,424.4,22.0
2026-01-27 12:00,23.06,445.0,22.0
2026-01-27 13:00,23.14,450.9,22.0
2026-01-27 14:00,23.17,454.4,22.0
2026-01-27 15:00,22.74,461.8,22.0
2026-01-27 16:00,22.98,460.0,22.0
2026-01-27 17:00,22.57,450.2,22.0
2026-01-27 18:00,22.24,441.2,22.0
2026-01-27 19:00,22.25,438.5,22.0
2026-01-27 20:00,22.21,412.2,22.0
2026-01-27 21:00,21.99,402.9,22.0
2026-01-27 22:00,21.63,392.1,22.0
2026-01-27 23:00,21.39,364.8,22.0
2026-01-28 00:00,21.17,361.6,22.0
2026-01-28 01:00,21.16,341.7,22.0
2026-01-28 02:00,20.77,344.9,22.0
2026-01-28 03:00,20.8,343.9,22.0
2026-01-28 04:00,20.83,339.6,22.0
2026-01-28 05:00,21.02,344.8,22.0
2026-01-28 06:00,21.53,354.5,22.0
2026-01-28 07:00,21.84,371.5,22.0
2026-01-28 08:00,21.98,389.9,22.0
2026-01-28 09:00,22.33,400.4,22.0
2026-01-28 10:00,22.81,424.1,22.0
2026-01-28 11:00,23.02,436.9,22.0
2026-01-28 12:00,22.6,447.7,22.0
2026-01-28 13:00,23.09,456.4,22.0
2026-01-28 14:00,22.91,458.2,22.0
2026-01-28 15:00,23.03,457.9,22.0
2026-01-28 16:00,22.68,462.2,22.0
2026-01-28 17:00,22.66,453.1,22.0
2026-01-28 18:00,22.53,437.7,22.0
2026-01-28 19:00,22.15,428.4,22.0
2026-01-28 20:00,22.03,411.7,22.0
2026-01-28 21:00,21.57,399.9,22.0
2026-01-28 22:00,21.42,380.3,22.0
2026-01-28 23:00,21.15,372.0,22.0
2026-01-29 00:00,21.04,360.0,22.0
2026-01-29 01:00,21.12,361.7,22.0
2026-01-29 02:00,20.95,338.1,22.0
2026-01-29 03:00,21.09,335.5,22.0
2026-01-29 04:00,21.2,351.1,22.0
2026-01-29 05:00,21.16,348.9,22.0
2026-01-29 06:00,21.74,357.6,22.0
2026-01-29 07:00,21.6,374.5,22.0
2026-01-29 08:00,22.34,392.2,22.0
2026-01-29 09:00,22.13,402.4,22.0
2026-01-29 10:00,22.31,415.9,22.0
2026-01-29 11:00,22.66,432.3,22.0
2026-01-29 12:00,22.81,431.3,22.0
2026-01-29 13:00,23.2,452.9,22.0
2026-01-29 14:00,23.03,457.3,22.0
2026-01-29 15:00,23.18,465.6,22.0
2026-01-29 16:00,23.57,459.4,22.0
2026-01-29 17:00,22.77,451.1,22.0
2026-01-29 18:00,22.56,451.1,22.0
2026-01-29 19:00,21.92,424.8,22.0
2026-01-29 20:00,22.23,418.2,22.0
2026-01-29 21:00,21.59,403.7,22.0
2026-01-29 22:00,21.88,389.5,22.0
2026-01-29 23:00,21.32,369.5,22.0
2026-01-30 00:00,21.29,361.0,22.0
2026-01-30 01:00,20.89,351.2,22.0
2026-01-30 02:00,20.73,341.2,22.0
2026-01-30 03:00,21.18,343.2,22.0
2026-01-30 04:00,21.15,341.6,22.0
2026-01-30 05:00,21.27,340.3,22.0
2026-01-30 06:00,21.43,355.2,22.0
2026-01-30 07:00,21.65,375.6,22.0
2026-01-30 08:00,22.09,390.5,22.0
2026-01-30 09:00,22.33,400.1,22.0
2026-01-30 10:00,22.45,409.3,22.0
2026-01-30 11:00,22.89,430.3,22.0
2026-01-30 12:00,22.75,441.3,22.0
2026-01-30 13:00,22.99,453.8,22.0
2026-01-30 14:00,22.85,452.1,22.0
2026-01-30 15:00,23.1,466.3,22.0
2026-01-30 16:00,22.96,453.6,22.0
2026-01-30 17:00,22.14,442.7,22.0
2026-01-30 18:00,22.58,442.4,22.0
2026-01-30 19:00,22.15,431.1,22.0
2026-01-30 20:00,21.76,414.8,22.0
2026-01-30 21:00,21.49,401.1,22.0
2026-01-30 22:00,21.58,383.7,22.0
2026-01-30 23:00,21.04,361.2,22.0
2026-01-31 00:00,21.54,361.5,22.0
2026-01-31 01:00,20.96,340.5,22.0
2026-01-31 02:00,20.6,335.9,22.0
2026-01-31 03:00,21.31,348.0,22.0
2026-01-31 04:00,21.06,338.0,22.0
2026-01-31 05:00,21.35,351.2,22.0
2026-01-31 06:00,21.8,368.8,22.0
2026-01-31 07:00,21.33,355.0,22.0
2026-01-31 08:00,21.83,380.8,22.0
2026-01-31 09:00,22.08,400.1,22.0
2026-01-31 10:00,22.62,410.1,22.0
2026-01-31 11:00,22.6,433.0,22.0
2026-01-31 12:00,23.05,445.8,22.0
2026-01-31 13:00,22.88,458.3,22.0
2026-01-31 14:00,22.97,461.9,22.0
2026-01-31 15:00,23.06,465.8,22.0
2026-01-31 16:00,22.68,446.6,22.0
2026-01-31 17:00,22.53,443.0,22.0
2026-01-31 18:00,22.46,442.1,22.0
2026-01-31 19:00,21.94,422.6,22.0
2026-01-31 20:00,21.92,411.3,22.0
2026-01-31 21:00,22.06,406.4,22.0
2026-01-31 22:00,21.75,382.1,22.0
2026-01-31 23:00,21.32,363.2,22.0
2026-02-01 00:00,21.18,356.7,22.0
2026-02-01 01:00,20.97,351.2,22.0
2026-02-01 02:00,21.07,346.1,22.0
2026-02-01 03:00,21.19,352.1,22.0
2026-02-01 04:00,21.36,348.4,22.0
2026-02-01 05:00,21.41,342.2,22.0
2026-02-01 06:00,20.9,352.3,22.0
2026-02-01 07:00,21.99,374.3,22.0
2026-02-01 08:00,21.9,384.7,22.0
2026-02-01 09:00,22.51,407.9,22.0
2026-02-01 10:00,22.54,412.2,22.0
2026-02-01 11:00,22.44,423.8,22.0
2026-02-01 12:00,22.3,437.2,22.0
2026-02-01 13:00,23.09,446.1,22.0
2026-02-01 14:00,22.79,452.5,22.0
2026-02-01 15:00,23.04,454.2,22.0
2026-02-01 16:00,23.0,458.0,22.0
2026-02-01 17:00,22.5,451.4,22.0
2026-02-01 18:00,22.62,437.6,22.0
2026-02-01 19:00,22.46,429.7,22.0
2026-02-01 20:00,21.96,399.7,22.0
2026-02-01 21:00,22.17,397.5,22.0
2026-02-01 22:00,21.49,381.9,22.0
2026-02-01 23:00,21.21,373.3,22.0
2026-02-02 00:00,21.11,361.9,22.0
2026-02-02 01:00,21.33,354.5,22.0
2026-02-02 02:00,20.9,344.5,22.0
2026-02-02 03:00,21.05,338.9,22.0
2026-02-02 04:00,20.79,331.9,22.0
2026-02-02 05:00,21.09,352.7,22.0
2026-02-02 06:00,21.45,364.0,22.0
2026-02-02 07:00,21.49,371.6,22.0
2026-02-02 08:00,22.09,386.9,22.0
2026-02-02 09:00,22.6,405.7,22.0
2026-02-02 10:00,22.63,421.8,22.0
2026-02-02 11:00,22.82,423.9,22.0
2026-02-02 12:00,22.63,435.9,22.0
2026-02-02 13:00,23.12,455.6,22.0
2026-02-02 14:00,23.17,465.9,22.0
2026-02-02 15:00,22.76,451.5,22.0
2026-02-02 16:00,22.85,458.8,22.0
2026-02-02 17:00,22.84,459.0,22.0
2026-02-02 18:00,22.5,435.2,22.0
2026-02-02 19:00,22.54,424.3,22.0
2026-02-02 20:00,21.8,416.9,22.0
2026-02-02 21:00,22.37,405.4,22.0
2026-02-02 22:00,21.52,374.5,22.0
2026-02-02 23:00,21.41,372.4,22.0
2026-02-03 00:00,21.28,359.3,22.0
2026-02-03 01:00,21.25,344.6,22.0
2026-02-03 02:00,21.25,335.3,22.0
2026-02-03 03:00,20.93,347.6,22.0
2026-02-03 04:00,21.38,342.0,22.0
2026-02-03 05:00,21.17,345.6,22.0
2026-02-03 06:00,21.64,355.6,22.0
2026-02-03 07:00,21.63,367.0,22.0
2026-02-03 08:00,21.96,387.2,22.0
2026-02-03 09:00,21.86,395.7,22.0
2026-02-03 10:00,22.07,407.9,22.0
2026-02-03 11:00,22.36,421.4,22.0
2026-02-03 12:00,22.89,443.9,22.0
2026-02-03 13:00,22.68,447.8,22.0
2026-02-03 14:00,22.63,453.0,22.0
2026-02-03 15:00,23.01,453.8,22.0
2026-02-03 16:00,22.76,450.9,22.0
2026-02-03 17:00,23.17,448.9,22.0
2026-02-03 18:00,22.41,433.4,22.0
2026-02-03 19:00,22.12,428.3,22.0
2026-02-03 20:00,22.11,417.1,22.0
2026-02-03 21:00,21.77,394.7,22.0
2026-02-03 22:00,21.84,386.4,22.0
2026-02-03 23:00,21.56,367.0,22.0
2026-02-04 00:00,20.74,356.6,22.0
2026-02-04 01:00,21.07,350.7,22.0
2026-02-04 02:00,21.09,337.6,22.0
2026-02-04 03:00,21.17,337.6,22.0
2026-02-04 04:00,21.24,341.6,22.0
2026-02-04 05:00,21.41,351.4,22.0
2026-02-04 06:00,21.53,352.4,22.0
2026-02-04 07:00,22.09,370.1,22.0
2026-02-04 08:00,22.15,386.9,22.0
2026-02-04 09:00,22.05,396.2,22.0
2026-02-04 10:00,22.24,416.0,22.0
2026-02-04 11:00,22.54,424.1,22.0
2026-02-04 12:00,22.88,442.0,22.0
2026-02-04 13:00,22.99,457.5,22.0
2026-02-04 14:00,23.05,461.4,22.0
2026-02-04 15:00,23.02,459.0,22.0
2026-02-04 16:00,22.71,447.6,22.0
2026-02-04 17:00,22.5,448.8,22.0
2026-02-04 18:00,22.27,433.0,22.0
2026-02-04 19:00,22.3,420.6,22.0
2026-02-04 20:00,21.69,414.3,22.0
2026-02-04 21:00,21.87,396.6,22.0
2026-02-04 22:00,21.42,381.5,22.0
2026-02-04 23:00,21.26,368.2,22.0
2026-02-05 00:00,20.97,349.1,22.0
2026-02-05 01:00,21.57,345.2,22.0
2026-02-05 02:00,20.88,341.0,22.0
2026-02-05 03:00,21.08,344.9,22.0
2026-02-05 04:00,20.95,343.3,22.0
2026-02-05 05:00,21.28,355.8,22.0
2026-02-05 06:00,21.72,359.5,22.0
2026-02-05 07:00,21.66,368.5,22.0
2026-02-05 08:00,22.14,387.4,22.0
2026-02-05 09:00,22.14,394.5,22.0
2026-02-05 10:00,22.22,410.8,22.0
2026-02-05 11:00,22.86,426.8,22.0
2026-02-05 12:00,23.53,450.4,22.0
2026-02-05 13:00,22.79,451.7,22.0
2026-02-05 14:00,23.23,453.1,22.0
2026-02-05 15:00,22.77,452.3,22.0
2026-02-05 16:00,23.19,455.1,22.0
2026-02-05 17:00,22.87,446.9,22.0
2026-02-05 18:00,22.65,449.0,22.0
2026-02-05 19:00,22.05,432.3,22.0
2026-02-05 20:00,22.0,415.1,22.0
2026-02-05 21:00,21.61,387.1,22.0
2026-02-05 22:00,21.24,386.2,22.0
2026-02-05 23:00,21.03,362.9,22.0
2026-02-06 00:00,21.04,354.9,22.0
2026-02-06 01:00,20.74,343.2,22.0
2026-02-06 02:00,20.93,343.6,22.0
2026-02-06 03:00,20.96,339.5,22.0
2026-02-06 04:00,21.12,344.3,22.0
2026-02-06 05:00,21.36,352.3,22.0
2026-02-06 06:00,21.79,362.0,22.0
2026-02-06 07:00,21.73,362.7,22.0
2026-02-06 08:00,21.93,393.4,22.0
2026-02-06 09:00,22.14,399.8,22.0
2026-02-06 10:00,22.61,417.7,22.0
2026-02-06 11:00,22.87,426.7,22.0
2026-02-06 12:00,22.74,438.1,22.0
2026-02-06 13:00,23.45,457.1,22.0
2026-02-06 14:00,23.11,455.4,22.0
2026-02-06 15:00,22.69,461.1,22.0
2026-02-06 16:00,22.56,453.2,22.0
2026-02-06 17:00,22.62,449.4,22.0
2026-02-06 18:00,22.81,442.6,22.0
2026-02-06 19:00,22.88,432.1,22.0
2026-02-06 20:00,22.18,414.3,22.0
2026-02-06 21:00,22.13,402.1,22.0
2026-02-06 22:00,21.67,382.6,22.0
2026-02-06 23:00,21.34,378.1,22.0
2026-02-07 00:00,21.24,357.2,22.0
2026-02-07 01:00,20.82,345.9,22.0
2026-02-07 02:00,21.13,351.2,22.0
2026-02-07 03:00,21.08,348.7,22.0
2026-02-07 04:00,21.24,341.0,22.0
2026-02-07 05:00,21.05,347.0,22.0
2026-02-07 06:00,21.43,354.0,22.0
2026-02-07 07:00,21.64,366.7,22.0
2026-02-07 08:00,21.61,373.2,22.0
2026-02-07 09:00,22.09,399.1,22.0
2026-02-07 10:00,22.18,410.6,22.0
2026-02-07 11:00,22.98,430.4,22.0
2026-02-07 12:00,22.65,435.4,22.0
2026-02-07 13:00,23.13,456.8,22.0
2026-02-07 14:00,22.91,457.5,22.0
2026-02-07 15:00,22.97,460.1,22.0
2026-02-07 16:00,22.54,447.0,22.0
2026-02-07 17:00,22.81,442.2,22.0
2026-02-07 18:00,22.47,446.5,22.0
2026-02-07 19:00,22.88,434.0,22.0
2026-02-07 20:00,22.25,412.4,22.0
2026-02-07 21:00,21.78,401.8,22.0
2026-02-07 22:00,21.32,378.9,22.0
2026-02-07 23:00,20.82,368.0,22.0
2026-02-08 00:00,21.14,360.2,22.0
2026-02-08 01:00,21.0,350.3,22.0
2026-02-08 02:00,20.96,357.0,22.0
2026-02-08 03:00,21.06,335.3,22.0
2026-02-08 04:00,21.14,353.8,22.0
2026-02-08 05:00,21.25,357.2,22.0
2026-02-08 06:00,21.6,364.0,22.0
2026-02-08 07:00,22.27,381.1,22.0
2026-02-08 08:00,22.47,381.2,22.0
2026-02-08 09:00,22.04,394.4,22.0
2026-02-08 10:00,22.49,424.6,22.0
2026-02-08 11:00,22.64,426.8,22.0
2026-02-08 12:00,22.97,444.7,22.0
2026-02-08 13:00,22.93,448.2,22.0
2026-02-08 14:00,23.37,461.1,22.0
2026-02-08 15:00,22.77,461.6,22.0
2026-02-08 16:00,22.78,458.1,22.0
2026-02-08 17:00,22.55,458.6,22.0
2026-02-08 18:00,22.39,445.2,22.0
2026-02-08 19:00,22.59,436.4,22.0
2026-02-08 20:00,22.17,416.6,22.0
2026-02-08 21:00,21.89,398.3,22.0
2026-02-08 22:00,21.68,384.2,22.0
2026-02-08 23:00,20.83,370.3,22.0
2026-02-09 00:00,21.4,355.0,22.0
2026-02-09 01:00,21.2,355.3,22.0
2026-02-09 02:00,20.91,341.4,22.0
2026-02-09 03:00,21.19,343.2,22.0
2026-02-09 04:00,21.14,337.1,22.0
2026-02-09 05:00,21.18,354.2,22.0
2026-02-09 06:00,21.53,356.6,22.0
2026-02-09 07:00,21.68,373.6,22.0
2026-02-09 08:00,21.8,381.8,22.0
2026-02-09 09:00,22.34,401.9,22.0
2026-02-09 10:00,22.19,415.4,22.0
2026-02-09 11:00,22.7,424.6,22.0
2026-02-09 12:00,22.77,436.3,22.0
2026-02-09 13:00,22.81,450.2,22.0
2026-02-09 14:00,23.35,458.1,22.0
2026-02-09 15:00,22.96,461.4,22.0
2026-02-09 16:00,22.85,450.6,22.0
2026-02-09 17:00,22.98,457.6,22.0
2026-02-09 18:00,22.76,448.3,22.0
2026-02-09 19:00,22.17,423.5,22.0
2026-02-09 20:00,22.25,418.2,22.0
2026-02-09 21:00,21.73,397.5,22.0
2026-02-09 22:00,21.83,386.3,22.0
2026-02-09 23:00,21.55,375.0,22.0
2026-02-10 00:00,20.99,359.6,22.0
2026-02-10 01:00,20.91,342.5,22.0
2026-02-10 02:00,21.17,347.3,22.0
2026-02-10 03:00,20.77,342.8,22.0
2026-02-10 04:00,21.18,334.7,22.0
2026-02-10 05:00,20.98,347.9,22.0
2026-02-10 06:00,21.59,362.0,22.0
2026-02-10 07:00,22.23,384.8,22.0
2026-02-10 08:00,21.95,386.2,22.0
2026-02-10 09:00,22.21,401.2,22.0
2026-02-10 10:00,22.5,408.3,22.0
2026-02-10 11:00,22.15,431.4,22.0
2026-02-10 12:00,22.62,439.2,22.0
2026-02-10 13:00,23.05,456.9,22.0
2026-02-10 14:00,22.84,465.4,22.0
2026-02-10 15:00,23.09,454.6,22.0
2026-02-10 16:00,22.62,454.7,22.0
2026-02-10 17:00,22.54,449.3,22.0
2026-02-10 18:00,22.83,445.1,22.0
2026-02-10 19:00,22.09,422.1,22.0
2026-02-10 20:00,22.07,415.6,22.0
2026-02-10 21:00,21.9,404.2,22.0
2026-02-10 22:00,21.26,381.6,22.0
2026-02-10 23:00,21.07,360.9,22.0
2026-02-11 00:00,21.34,357.6,22.0
2026-02-11 01:00,21.47,346.1,22.0
2026-02-11 02:00,20.89,341.7,22.0
2026-02-11 03:00,20.86,341.9,22.0
2026-02-11 04:00,20.71,343.1,22.0
2026-02-11 05:00,21.33,351.4,22.0
2026-02-11 06:00,21.5,358.6,22.0
2026-02-11 07:00,21.38,363.6,22.0
2026-02-11 08:00,22.2,392.3,22.0
2026-02-11 09:00,22.24,397.0,22.0
2026-02-11 10:00,22.89,417.6,22.0
2026-02-11 11:00,22.87,435.6,22.0
2026-02-11 12:00,23.16,440.2,22.0
2026-02-11 13:00,22.78,451.5,22.0
2026-02-11 14:00,22.71,451.9,22.0
2026-02-11 15:00,23.1,458.2,22.0
2026-02-11 16:00,23.22,462.5,22.0
2026-02-11 17:00,22.93,452.7,22.0
2026-02-11 18:00,22.96,453.7,22.0
2026-02-11 19:00,22.17,438.0,22.0
2026-02-11 20:00,21.83,411.8,22.0
2026-02-11 21:00,21.53,386.6,22.0
2026-02-11 22:00,21.57,391.4,22.0
2026-02-11 23:00,21.17,371.0,22.0
2026-02-12 00:00,21.16,355.1,22.0
2026-02-12 01:00,21.15,342.1,22.0
2026-02-12 02:00,20.86,332.5,22.0
2026-02-12 03:00,21.26,337.5,22.0
2026-02-12 04:00,20.76,345.9,22.0
2026-02-12 05:00,20.81,335.9,22.0
2026-02-12 06:00,21.36,355.1,22.0
2026-02-12 07:00,21.83,370.2,22.0
2026-02-12 08:00,21.45,377.6,22.0
2026-02-12 09:00,22.17,401.3,22.0
2026-02-12 10:00,22.32,415.0,22.0
2026-02-12 11:00,22.96,429.1,22.0
2026-02-12 12:00,22.44,434.3,22.0
2026-02-12 13:00,23.34,455.2,22.0
2026-02-12 14:00,22.74,456.9,22.0
2026-02-12 15:00,22.84,450.0,22.0
2026-02-12 16:00,23.21,451.7,22.0
2026-02-12 17:00,23.03,463.7,22.0
2026-02-12 18:00,22.57,444.9,22.0
2026-02-12 19:00,22.42,435.7,22.0
2026-02-12 20:00,22.33,415.8,22.0
2026-02-12 21:00,22.28,403.1,22.0
2026-02-12 22:00,21.26,376.3,22.0
2026-02-12 23:00,21.4,365.5,22.0
2026-02-13 00:00,21.22,355.1,22.0
2026-02-13 01:00,20.9,342.2,22.0
2026-02-13 02:00,21.55,353.5,22.0
2026-02-13 03:00,20.9,330.6,22.0
2026-02-13 04:00,21.08,346.2,22.0
2026-02-13 05:00,21.27,342.5,22.0
2026-02-13 06:00,21.57,358.1,22.0
2026-02-13 07:00,22.14,369.2,22.0
2026-02-13 08:00,21.76,379.9,22.0
2026-02-13 09:00,22.41,402.6,22.0
2026-02-13 10:00,22.58,408.6,22.0
2026-02-13 11:00,22.53,422.7,22.0
2026-02-13 12:00,22.68,440.9,22.0
2026-02-13 13:00,22.61,457.6,22.0
2026-02-13 14:00,22.76,454.3,22.0
2026-02-13 15:00,23.39,464.4,22.0
2026-02-13 16:00,23.26,461.8,22.0
2026-02-13 17:00,22.56,440.8,22.0
2026-02-13 18:00,22.34,435.5,22.0
2026-02-13 19:00,22.35,431.2,22.0
2026-02-13 20:00,21.79,422.4,22.0
2026-02-13 21:00,21.41,395.8,22.0
2026-02-13 22:00,21.58,376.3,22.0
2026-02-13 23:00,21.65,370.9,22.0
2026-02-14 00:00,21.28,363.5,22.0
2026-02-14 01:00,21.14,343.2,22.0
2026-02-14 02:00,20.68,338.6,22.0
2026-02-14 03:00,20.92,334.2,22.0
2026-02-14 04:00,21.24,348.4,22.0
2026-02-14 05:00,21.39,354.2,22.0
2026-02-14 06:00,21.95,355.4,22.0
2026-02-14 07:00,21.91,379.1,22.0
2026-02-14 08:00,21.54,380.3,22.0
2026-02-14 09:00,22.2,402.0,22.0
2026-02-14 10:00,22.57,417.9,22.0
2026-02-14 11:00,22.95,432.2,22.0
2026-02-14 12:00,22.74,444.0,22.0
2026-02-14 13:00,23.0,448.1,22.0
2026-02-14 14:00,23.05,452.6,22.0
2026-02-14 15:00,23.05,463.6,22.0
2026-02-14 16:00,22.47,454.0,22.0
2026-02-14 17:00,22.31,446.3,22.0
2026-02-14 18:00,22.46,442.6,22.0
2026-02-14 19:00,22.39,425.4,22.0
2026-02-14 20:00,22.07,416.2,22.0
2026-02-14 21:00,22.05,402.8,22.0
2026-02-14 22:00,21.52,376.5,22.0
2026-02-14 23:00,20.98,361.0,22.0
2026-02-15 00:00,21.39,362.6,22.0
2026-02-15 01:00,21.14,351.4,22.0
2026-02-15 02:00,20.82,349.1,22.0
2026-02-15 03:00,20.99,338.5,22.0
2026-02-15 04:00,21.51,352.2,22.0
2026-02-15 05:00,21.2,353.2,22.0
2026-02-15 06:00,21.77,368.8,22.0
2026-02-15 07:00,22.06,365.0,22.0
2026-02-15 08:00,21.63,377.3,22.0
2026-02-15 09:00,21.99,398.8,22.0
2026-02-15 10:00,22.57,418.2,22.0
2026-02-15 11:00,23.07,430.6,22.0
2026-02-15 12:00,22.96,434.3,22.0
2026-02-15 13:00,23.17,447.8,22.0
2026-02-15 14:00,23.66,467.5,22.0
2026-02-15 15:00,22.74,459.0,22.0
2026-02-15 16:00,22.92,459.6,22.0
2026-02-15 17:00,22.72,443.1,22.0
2026-02-15 18:00,22.74,437.8,22.0
2026-02-15 19:00,22.35,434.8,22.0
2026-02-15 20:00,22.01,415.7,22.0
2026-02-15 21:00,22.36,397.7,22.0
2026-02-15 22:00,21.46,379.8,22.0
2026-02-15 23:00,21.34,375.0,22.0
2026-02-16 00:00,20.82,354.4,22.0
2026-02-16 01:00,21.3,354.0,22.0
2026-02-16 02:00,20.74,344.4,22.0
2026-02-16 03:00,21.12,342.5,22.0
2026-02-16 04:00,20.79,340.4,22.0
2026-02-16 05:00,21.07,347.8,22.0
2026-02-16 06:00,21.47,358.0,22.0
2026-02-16 07:00,21.83,368.3,22.0
2026-02-16 08:00,22.05,384.1,22.0
2026-02-16 09:00,22.46,402.1,22.0
2026-02-16 10:00,22.3,410.7,22.0
2026-02-16 11:00,22.8,434.6,22.0
2026-02-16 12:00,23.11,448.1,22.0
2026-02-16 13:00,23.09,449.7,22.0
2026-02-16 14:00,23.17,456.7,22.0
2026-02-16 15:00,23.39,469.3,22.0
2026-02-16 16:00,22.82,469.4,22.0
2026-02-16 17:00,22.64,449.2,22.0
2026-02-16 18:00,22.58,440.4,22.0
2026-02-16 19:00,22.49,428.2,22.0
2026-02-16 20:00,22.23,420.5,22.0
2026-02-16 21:00,21.8,394.9,22.0
2026-02-16 22:00,21.68,387.8,22.0
2026-02-16 23:00,21.61,370.2,22.0
2026-02-17 00:00,21.02,354.8,22.0
2026-02-17 01:00,21.21,351.4,22.0
2026-02-17 02:00,21.02,346.3,22.0
2026-02-17 03:00,20.63,333.4,22.0
2026-02-17 04:00,21.22,339.9,22.0
2026-02-17 05:00,20.97,352.0,22.0
2026-02-17 06:00,21.49,360.2,22.0
2026-02-17 07:00,22.02,364.8,22.0
2026-02-17 08:00,22.14,385.8,22.0
2026-02-17 09:00,22.35,412.8,22.0
2026-02-17 10:00,22.72,413.5,22.0
2026-02-17 11:00,22.56,423.5,22.0
2026-02-17 12:00,23.05,442.7,22.0
2026-02-17 13:00,22.82,454.0,22.0
2026-02-17 14:00,23.28,462.8,22.0
2026-02-17 15:00,22.75,454.7,22.0
2026-02-17 16:00,22.62,455.3,22.0
2026-02-17 17:00,22.79,457.3,22.0
2026-02-17 18:00,22.31,441.0,22.0
2026-02-17 19:00,22.57,428.0,22.0
2026-02-17 20:00,21.8,419.3,22.0
2026-02-17 21:00,21.82,395.1,22.0
2026-02-17 22:00,21.38,382.0,22.0
2026-02-17 23:00,20.97,365.7,22.0
2026-02-18 00:00,21.08,358.1,22.0
2026-02-18 01:00,21.14,353.7,22.0
2026-02-18 02:00,21.03,337.2,22.0
2026-02-18 03:00,21.0,346.7,22.0
2026-02-18 04:00,20.83,333.5,22.0
2026-02-18 05:00,21.44,341.3,22.0
2026-02-18 06:00,21.25,350.6,22.0
2026-02-18 07:00,22.01,377.4,22.0
2026-02-18 08:00,21.74,381.9,22.0
2026-02-18 09:00,22.15,399.1,22.0
2026-02-18 10:00,22.58,423.0,22.0
2026-02-18 11:00,22.74,423.3,22.0
2026-02-18 12:00,22.91,447.6,22.0
2026-02-18 13:00,23.05,455.8,22.0
2026-02-18 14:00,22.87,451.9,22.0
2026-02-18 15:00,22.75,454.3,22.0
2026-02-18 16:00,22.87,453.3,22.0
2026-02-18 17:00,22.5,452.9,22.0
2026-02-18 18:00,22.46,437.8,22.0
2026-02-18 19:00,22.37,432.3,22.0
2026-02-18 20:00,22.09,404.5,22.0
2026-02-18 21:00,22.28,408.9,22.0
2026-02-18 22:00,21.73,387.2,22.0
2026-02-18 23:00,21.29,366.7,22.0
2026-02-19 00:00,21.06,351.9,22.0
2026-02-19 01:00,21.01,340.9,22.0
2026-02-19 02:00,21.11,340.3,22.0
2026-02-19 03:00,20.94,340.9,22.0
2026-02-19 04:00,20.95,346.3,22.0
2026-02-19 05:00,21.12,346.7,22.0
2026-02-19 06:00,21.51,361.3,22.0
2026-02-19 07:00,21.82,371.4,22.0
2026-02-19 08:00,21.53,372.7,22.0
2026-02-19 09:00,22.43,400.6,22.0
2026-02-19 10:00,22.78,418.4,22.0
2026-02-19 11:00,22.68,428.9,22.0
2026-02-19 12:00,22.71,439.9,22.0
2026-02-19 13:00,22.77,447.8,22.0
2026-02-19 14:00,22.86,457.0,22.0
2026-02-19 15:00,22.63,460.1,22.0
2026-02-19 16:00,22.98,460.1,22.0
2026-02-19 17:00,22.7,454.2,22.0
2026-02-19 18:00,22.69,439.9,22.0
2026-02-19 19:00,22.69,429.2,22.0
2026-02-19 20:00,21.86,408.5,22.0
2026-02-19 21:00,21.52,394.4,22.0
2026-02-19 22:00,21.36,380.5,22.0
2026-02-19 23:00,21.17,373.9,22.0
2026-02-20 00:00,20.92,360.6,22.0
2026-02-20 01:00,21.26,346.0,22.0
2026-02-20 02:00,21.09,344.4,22.0
2026-02-20 03:00,21.19,343.2,22.0
2026-02-20 04:00,21.44,345.2,22.0
2026-02-20 05:00,21.13,342.8,22.0
2026-02-20 06:00,21.67,360.8,22.0
2026-02-20 07:00,22.01,372.8,22.0
2026-02-20 08:00,21.63,382.0,22.0
2026-02-20 09:00,22.34,406.4,22.0
2026-02-20 10:00,22.41,412.8,22.0
2026-02-20 11:00,22.84,427.8,22.0
2026-02-20 12:00,23.0,446.9,22.0
2026-02-20 13:00,23.02,454.7,22.0
2026-02-20 14:00,22.64,463.1,22.0
2026-02-20 15:00,22.86,454.2,22.0
2026-02-20 16:00,22.67,455.9,22.0
2026-02-20 17:00,22.62,455.1,22.0
2026-02-20 18:00,22.6,443.5,22.0
2026-02-20 19:00,22.15,430.3,22.0
2026-02-20 20:00,22.28,414.6,22.0
2026-02-20 21:00,22.03,402.7,22.0
2026-02-20 22:00,21.19,384.1,22.0
2026-02-20 23:00,21.25,367.7,22.0
2026-02-21 00:00,21.51,364.1,22.0
2026-02-21 01:00,20.91,350.2,22.0
2026-02-21 02:00,20.95,342.7,22.0
2026-02-21 03:00,20.74,338.8,22.0
2026-02-21 04:00,21.14,344.4,22.0
2026-02-21 05:00,21.04,352.1,22.0
2026-02-21 06:00,22.07,351.9,22.0
2026-02-21 07:00,21.66,365.6,22.0
2026-02-21 08:00,21.8,386.7,22.0
2026-02-21 09:00,22.37,408.6,22.0
2026-02-21 10:00,22.84,416.3,22.0
2026-02-21 11:00,22.5,426.0,22.0
2026-02-21 12:00,22.54,440.7,22.0
2026-02-21 13:00,23.08,453.3,22.0
2026-02-21 14:00,23.16,458.9,22.0
2026-02-21 15:00,23.14,464.3,22.0
2026-02-21 16:00,23.12,456.7,22.0
2026-02-21 17:00,22.96,448.5,22.0
2026-02-21 18:00,22.68,441.5,22.0
2026-02-21 19:00,22.04,439.1,22.0
2026-02-21 20:00,21.95,414.6,22.0
2026-02-21 21:00,21.88,408.5,22.0
2026-02-21 22:00,21.51,398.1,22.0
2026-02-21 23:00,21.28,371.7,22.0
2026-02-22 00:00,21.09,360.1,22.0
2026-02-22 01:00,20.63,345.8,22.0
2026-02-22 02:00,20.7,342.6,22.0
2026-02-22 03:00,20.9,333.5,22.0
2026-02-22 04:00,21.29,341.4,22.0
2026-02-22 05:00,21.2,341.3,22.0
2026-02-22 06:00,21.42,359.2,22.0
2026-02-22 07:00,21.59,366.0,22.0
2026-02-22 08:00,21.96,388.9,22.0
2026-02-22 09:00,22.24,404.2,22.0
2026-02-22 10:00,22.64,424.2,22.0
2026-02-22 11:00,22.34,429.1,22.0
2026-02-22 12:00,22.78,435.3,22.0
2026-02-22 13:00,23.0,450.8,22.0
2026-02-22 14:00,22.91,454.5,22.0
2026-02-22 15:00,22.98,456.9,22.0
2026-02-22 16:00,23.25,456.9,22.0
2026-02-22 17:00,22.9,448.5,22.0
2026-02-22 18:00,22.35,437.2,22.0
2026-02-22 19:00,22.48,425.8,22.0
2026-02-22 20:00,22.12,417.7,22.0
2026-02-22 21:00,21.59,401.2,22.0
2026-02-22 22:00,21.96,391.5,22.0
2026-02-22 23:00,21.32,369.8,22.0
2026-02-23 00:00,21.18,360.8,22.0
2026-02-23 01:00,20.92,347.0,22.0
2026-02-23 02:00,20.86,340.3,22.0
2026-02-23 03:00,21.02,343.6,22.0
2026-02-23 04:00,20.93,339.9,22.0
2026-02-23 05:00,21.41,340.5,22.0
2026-02-23 06:00,21.68,360.1,22.0
2026-02-23 07:00,21.93,367.4,22.0
2026-02-23 08:00,22.25,385.2,22.0
2026-02-23 09:00,22.2,399.9,22.0
2026-02-23 10:00,22.42,412.9,22.0
2026-02-23 11:00,23.0,431.1,22.0
2026-02-23 12:00,23.02,450.1,22.0
2026-02-23 13:00,22.54,458.1,22.0
2026-02-23 14:00,23.01,455.6,22.0
2026-02-23 15:00,23.16,464.4,22.0
2026-02-23 16:00,22.8,457.7,22.0
2026-02-23 17:00,23.05,448.0,22.0
2026-02-23 18:00,22.92,448.0,22.0
2026-02-23 19:00,22.2,430.1,22.0
2026-02-23 20:00,22.1,418.3,22.0
2026-02-23 21:00,21.77,399.4,22.0
2026-02-23 22:00,21.3,381.3,22.0
2026-02-23 23:00,21.02,368.8,22.0
2026-02-24 00:00,21.38,360.6,22.0
2026-02-24 01:00,20.6,344.2,22.0
2026-02-24 02:00,21.08,344.0,22.0
2026-02-24 03:00,20.75,340.1,22.0
2026-02-24 04:00,21.25,332.5,22.0
2026-02-24 05:00,21.33,347.0,22.0
2026-02-24 06:00,21.53,357.2,22.0
2026-02-24 07:00,21.47,363.6,22.0
2026-02-24 08:00,21.6,377.7,22.0
2026-02-24 09:00,21.78,396.5,22.0
2026-02-24 10:00,22.27,413.2,22.0
2026-02-24 11:00,22.53,424.1,22.0
2026-02-24 12:00,22.68,442.4,22.0
2026-02-24 13:00,23.31,462.0,22.0
2026-02-24 14:00,23.06,463.6,22.0
2026-02-24 15:00,23.23,464.5,22.0
2026-02-24 16:00,22.66,452.9,22.0
2026-02-24 17:00,22.96,466.5,22.0
2026-02-24 18:00,22.55,444.9,22.0
2026-02-24 19:00,22.19,434.2,22.0
2026-02-24 20:00,22.18,410.5,22.0
2026-02-24 21:00,21.31,401.0,22.0
2026-02-24 22:00,21.51,384.6,22.0
2026-02-24 23:00,21.46,373.6,22.0
2026-02-25 00:00,21.2,359.3,22.0
2026-02-25 01:00,20.84,349.5,22.0
2026-02-25 02:00,20.74,338.0,22.0
2026-02-25 03:00,21.04,333.3,22.0
2026-02-25 04:00,21.33,347.4,22.0
2026-02-25 05:00,21.08,345.0,22.0
2026-02-25 06:00,21.63,355.4,22.0
2026-02-25 07:00,22.09,372.6,22.0
2026-02-25 08:00,21.81,379.6,22.0
2026-02-25 09:00,21.8,393.7,22.0
2026-02-25 10:00,22.38,414.8,22.0
2026-02-25 11:00,22.32,427.4,22.0
2026-02-25 12:00,22.81,443.4,22.0
2026-02-25 13:00,23.16,456.5,22.0
2026-02-25 14:00,22.96,451.4,22.0
2026-02-25 15:00,23.23,457.0,22.0
2026-02-25 16:00,22.8,457.8,22.0
2026-02-25 17:00,22.41,449.9,22.0
2026-02-25 18:00,23.1,448.8,22.0
2026-02-25 19:00,22.09,421.4,22.0
2026-02-25 20:00,21.92,415.0,22.0
2026-02-25 21:00,22.16,406.1,22.0
2026-02-25 22:00,21.93,383.2,22.0
2026-02-25 23:00,21.28,370.2,22.0
2026-02-26 00:00,21.03,359.0,22.0
2026-02-26 01:00,21.31,355.3,22.0
2026-02-26 02:00,20.92,340.3,22.0
2026-02-26 03:00,20.97,335.5,22.0
2026-02-26 04:00,20.97,335.6,22.0
2026-02-26 05:00,21.31,345.5,22.0
2026-02-26 06:00,21.71,362.8,22.0
2026-02-26 07:00,21.54,369.4,22.0
2026-02-26 08:00,21.92,383.0,22.0
2026-02-26 09:00,22.15,402.4,22.0
2026-02-26 10:00,22.4,410.7,22.0
2026-02-26 11:00,23.19,436.8,22.0
2026-02-26 12:00,22.73,446.4,22.0
2026-02-26 13:00,22.93,459.0,22.0
2026-02-26 14:00,23.02,454.1,22.0
2026-02-26 15:00,23.01,453.1,22.0
2026-02-26 16:00,22.97,457.7,22.0
2026-02-26 17:00,22.84,447.8,22.0
2026-02-26 18:00,22.53,445.0,22.0
2026-02-26 19:00,21.87,434.7,22.0
2026-02-26 20:00,22.07,417.3,22.0
2026-02-26 21:00,21.74,396.0,22.0
2026-02-26 22:00,21.44,387.0,22.0
2026-02-26 23:00,21.3,369.4,22.0
2026-02-27 00:00,21.44,359.5,22.0
2026-02-27 01:00,21.26,345.7,22.0
2026-02-27 02:00,20.92,335.5,22.0
2026-02-27 03:00,20.85,331.4,22.0
2026-02-27 04:00,21.58,345.7,22.0
2026-02-27 05:00,21.11,348.3,22.0
2026-02-27 06:00,21.56,362.7,22.0
2026-02-27 07:00,21.88,370.5,22.0
2026-02-27 08:00,21.71,389.9,22.0
2026-02-27 09:00,22.21,400.3,22.0
2026-02-27 10:00,22.03,410.2,22.0
2026-02-27 11:00,22.58,429.7,22.0
2026-02-27 12:00,22.75,438.8,22.0
2026-02-27 13:00,22.93,450.2,22.0
2026-02-27 14:00,23.16,465.8,22.0
2026-02-27 15:00,23.42,469.4,22.0
2026-02-27 16:00,22.85,462.8,22.0
2026-02-27 17:00,22.54,450.5,22.0
2026-02-27 18:00,22.58,444.5,22.0
2026-02-27 19:00,22.41,432.2,22.0
2026-02-27 20:00,22.0,416.4,22.0
2026-02-27 21:00,21.6,395.1,22.0
2026-02-27 22:00,21.58,388.1,22.0
2026-02-27 23:00,21.49,369.7,22.0
2026-02-28 00:00,20.91,360.0,22.0
2026-02-28 01:00,20.86,347.6,22.0
2026-02-28 02:00,21.06,341.8,22.0
2026-02-28 03:00,21.4,342.5,22.0
2026-02-28 04:00,20.99,339.5,22.0
2026-02-28 05:00,21.5,350.9,22.0
2026-02-28 06:00,21.49,352.4,22.0
2026-02-28 07:00,21.73,373.3,22.0
2026-02-28 08:00,22.07,383.1,22.0
2026-02-28 09:00,22.33,402.1,22.0
2026-02-28 10:00,22.04,411.9,22.0
2026-02-28 11:00,22.61,429.5,22.0
2026-02-28 12:00,22.74,444.7,22.0
2026-02-28 13:00,23.11,455.1,22.0
2026-02-28 14:00,23.12,454.3,22.0
2026-02-28 15:00,22.81,458.3,22.0
2026-02-28 16:00,22.92,459.2,22.0
2026-02-28 17:00,22.78,447.4,22.0
2026-02-28 18:00,22.4,442.4,22.0
2026-02-28 19:00,22.22,421.2,22.0
2026-02-28 20:00,22.08,416.0,22.0
2026-02-28 21:00,21.43,406.9,22.0
2026-02-28 22:00,21.94,390.8,22.0
2026-02-28 23:00,21.43,365.1,22.0
2026-03-01 00:00,20.86,353.5,22.0
2026-03-01 01:00,21.39,347.5,22.0
2026-03-01 02:00,21.04,343.9,22.0
2026-03-01 03:00,20.98,344.4,22.0
2026-03-01 04:00,21.56,349.5,22.0
2026-03-01 05:00,21.14,350.2,22.0
2026-03-01 06:00,21.62,362.9,22.0
2026-03-01 07:00,21.98,373.2,22.0
2026-03-01 08:00,21.81,386.7,22.0
2026-03-01 09:00,22.42,407.5,22.0
2026-03-01 10:00,22.62,417.1,22.0
2026-03-01 11:00,22.86,431.6,22.0
2026-03-01 12:00,22.83,443.4,22.0
2026-03-01 13:00,22.8,449.2,22.0
2026-03-01 14:00,23.18,456.5,22.0
2026-03-01 15:00,22.93,458.3,22.0
2026-03-01 16:00,23.0,457.5,22.0
2026-03-01 17:00,23.21,455.2,22.0
2026-03-01 18:00,22.36,435.5,22.0
2026-03-01 19:00,22.03,432.9,22.0
2026-03-01 20:00,22.2,424.2,22.0
2026-03-01 21:00,21.9,396.0,22.0
2026-03-01 22:00,21.36,373.5,22.0
2026-03-01 23:00,21.22,365.0,22.0
2026-03-02 00:00,21.35,359.4,22.0
2026-03-02 01:00,21.5,350.1,22.0
2026-03-02 02:00,20.93,342.4,22.0
2026-03-02 03:00,21.12,346.1,22.0
2026-03-02 04:00,20.36,344.1,22.0
2026-03-02 05:00,21.28,350.3,22.0
2026-03-02 06:00,21.28,355.4,22.0
2026-03-02 07:00,21.37,374.5,22.0
2026-03-02 08:00,22.49,400.2,22.0
2026-03-02 09:00,22.63,401.8,22.0
2026-03-02 10:00,22.31,416.9,22.0
2026-03-02 11:00,22.45,435.1,22.0
2026-03-02 12:00,23.15,445.4,22.0
2026-03-02 13:00,22.72,454.6,22.0
2026-03-02 14:00,23.01,459.0,22.0
2026-03-02 15:00,22.45,456.3,22.0
2026-03-02 16:00,22.68,452.0,22.0
2026-03-02 17:00,23.41,457.6,22.0
2026-03-02 18:00,22.48,446.7,22.0
2026-03-02 19:00,22.48,427.9,22.0
2026-03-02 20:00,22.19,418.6,22.0
2026-03-02 21:00,22.05,401.2,22.0
2026-03-02 22:00,21.76,395.7,22.0
2026-03-02 23:00,21.44,370.8,22.0
2026-03-03 00:00,20.67,355.3,22.0
2026-03-03 01:00,20.94,350.5,22.0
2026-03-03 02:00,21.16,348.6,22.0
2026-03-03 03:00,20.99,347.5,22.0
2026-03-03 04:00,20.89,347.7,22.0
2026-03-03 05:00,21.3,352.7,22.0
2026-03-03 06:00,21.47,362.3,22.0
2026-03-03 07:00,21.86,373.4,22.0
2026-03-03 08:00,22.08,386.4,22.0
2026-03-03 09:00,22.27,408.4,22.0
2026-03-03 10:00,22.53,422.5,22.0
2026-03-03 11:00,23.27,436.0,22.0
2026-03-03 12:00,22.34,438.4,22.0
2026-03-03 13:00,22.84,452.8,22.0
2026-03-03 14:00,22.89,455.3,22.0
2026-03-03 15:00,23.22,457.3,22.0
2026-03-03 16:00,23.24,463.6,22.0
2026-03-03 17:00,22.83,463.5,22.0
2026-03-03 18:00,22.7,429.9,22.0
2026-03-03 19:00,22.32,431.3,22.0
2026-03-03 20:00,21.6,406.5,22.0
2026-03-03 21:00,21.83,403.5,22.0
2026-03-03 22:00,21.14,373.7,22.0
2026-03-03 23:00,21.68,375.2,22.0
2026-03-04 00:00,21.74,358.6,22.0
2026-03-04 01:00,21.5,353.2,22.0
2026-03-04 02:00,21.29,348.7,22.0
2026-03-04 03:00,20.56,333.3,22.0
2026-03-04 04:00,21.08,338.3,22.0
2026-03-04 05:00,21.33,348.0,22.0
2026-03-04 06:00,21.55,357.5,22.0
2026-03-04 07:00,21.79,374.9,22.0
2026-03-04 08:00,21.4,383.0,22.0
2026-03-04 09:00,22.14,404.4,22.0
2026-03-04 10:00,22.54,411.0,22.0
2026-03-04 11:00,22.91,434.6,22.0
2026-03-04 12:00,22.73,447.2,22.0
2026-03-04 13:00,22.83,450.8,22.0
2026-03-04 14:00,23.35,466.6,22.0
2026-03-04 15:00,23.13,458.8,22.0
2026-03-04 16:00,22.91,459.8,22.0
2026-03-04 17:00,22.97,454.3,22.0
2026-03-04 18:00,22.28,441.7,22.0
2026-03-04 19:00,22.29,431.8,22.0
2026-03-04 20:00,21.78,409.8,22.0
2026-03-04 21:00,21.77,398.8,22.0
2026-03-04 22:00,21.55,387.3,22.0
2026-03-04 23:00,21.29,372.2,22.0
2026-03-05 00:00,21.29,360.3,22.0
2026-03-05 01:00,21.38,350.9,22.0
2026-03-05 02:00,20.64,340.6,22.0
2026-03-05 03:00,21.17,339.6,22.0
2026-03-05 04:00,21.17,342.2,22.0
2026-03-05 05:00,20.91,339.4,22.0
2026-03-05 06:00,21.66,360.3,22.0
2026-03-05 07:00,21.69,366.2,22.0
2026-03-05 08:00,21.65,380.9,22.0
2026-03-05 09:00,22.26,400.4,22.0
2026-03-05 10:00,22.65,417.5,22.0
2026-03-05 11:00,23.04,438.4,22.0
2026-03-05 12:00,23.0,440.6,22.0
2026-03-05 13:00,22.83,444.6,22.0
2026-03-05 14:00,23.25,463.2,22.0
2026-03-05 15:00,23.45,464.1,22.0
2026-03-05 16:00,22.98,454.3,22.0
2026-03-05 17:00,22.96,451.5,22.0
2026-03-05 18:00,22.72,443.0,22.0
2026-03-05 19:00,22.59,437.7,22.0
2026-03-05 20:00,21.96,414.5,22.0
2026-03-05 21:00,21.93,396.5,22.0
2026-03-05 22:00,21.62,391.0,22.0
2026-03-05 23:00,21.01,361.0,22.0
2026-03-06 00:00,21.01,359.7,22.0
2026-03-06 01:00,20.75,338.2,22.0
2026-03-06 02:00,20.85,331.8,22.0
2026-03-06 03:00,20.98,338.0,22.0
2026-03-06 04:00,21.05,348.5,22.0
2026-03-06 05:00,21.03,337.3,22.0
2026-03-06 06:00,21.21,359.9,22.0
2026-03-06 07:00,21.58,368.2,22.0
2026-03-06 08:00,21.83,384.6,22.0
2026-03-06 09:00,22.43,413.3,22.0
2026-03-06 10:00,22.38,416.5,22.0
2026-03-06 11:00,22.69,416.8,22.0
2026-03-06 12:00,22.8,426.6,22.0
2026-03-06 13:00,22.56,445.4,22.0
2026-03-06 14:00,23.44,457.4,22.0
2026-03-06 15:00,22.98,461.6,22.0
2026-03-06 16:00,22.95,454.1,22.0
2026-03-06 17:00,22.86,450.1,22.0
2026-03-06 18:00,22.46,432.6,22.0
2026-03-06 19:00,22.07,431.6,22.0
2026-03-06 20:00,21.92,410.4,22.0
2026-03-06 21:00,21.8,397.6,22.0
2026-03-06 22:00,21.22,377.3,22.0
2026-03-06 23:00,21.37,380.6,22.0
2026-03-07 00:00,21.07,355.4,22.0
2026-03-07 01:00,21.25,346.6,22.0
2026-03-07 02:00,21.1,339.2,22.0
2026-03-07 03:00,21.08,335.7,22.0
2026-03-07 04:00,21.04,341.0,22.0
2026-03-07 05:00,21.35,347.6,22.0
2026-03-07 06:00,21.14,351.6,22.0
2026-03-07 07:00,21.99,380.2,22.0
2026-03-07 08:00,22.04,382.7,22.0
2026-03-07 09:00,21.76,399.7,22.0
2026-03-07 10:00,22.45,416.3,22.0
2026-03-07 11:00,22.56,431.7,22.0
2026-03-07 12:00,23.05,441.3,22.0
2026-03-07 13:00,22.86,451.2,22.0
2026-03-07 14:00,22.97,459.8,22.0
2026-03-07 15:00,23.06,465.3,22.0
2026-03-07 16:00,22.79,459.8,22.0
2026-03-07 17:00,22.77,445.7,22.0
2026-03-07 18:00,22.7,443.7,22.0
2026-03-07 19:00,22.09,433.7,22.0
2026-03-07 20:00,21.66,416.1,22.0
2026-03-07 21:00,21.62,402.6,22.0
2026-03-07 22:00,21.73,386.8,22.0
2026-03-07 23:00,21.26,367.3,22.0
2026-03-08 00:00,20.94,363.7,22.0
2026-03-08 01:00,21.13,351.3,22.0
2026-03-08 02:00,20.76,346.8,22.0
2026-03-08 03:00,21.23,340.0,22.0
2026-03-08 04:00,21.08,348.8,22.0
2026-03-08 05:00,21.59,346.6,22.0
2026-03-08 06:00,21.3,350.5,22.0
2026-03-08 07:00,21.74,370.9,22.0
2026-03-08 08:00,22.05,379.8,22.0
2026-03-08 09:00,22.66,404.4,22.0
2026-03-08 10:00,22.28,411.6,22.0
2026-03-08 11:00,23.15,435.5,22.0
2026-03-08 12:00,22.54,442.4,22.0
2026-03-08 13:00,23.13,450.9,22.0
2026-03-08 14:00,23.3,461.3,22.0
2026-03-08 15:00,23.09,469.6,22.0
2026-03-08 16:00,22.57,453.4,22.0
2026-03-08 17:00,22.94,451.3,22.0
2026-03-08 18:00,22.77,451.1,22.0
2026-03-08 19:00,22.29,430.1,22.0
2026-03-08 20:00,22.02,421.7,22.0
2026-03-08 21:00,21.76,399.5,22.0
2026-03-08 22:00,21.9,384.3,22.0
2026-03-08 23:00,21.72,365.5,22.0
2026-03-09 00:00,20.92,354.3,22.0
2026-03-09 01:00,21.1,344.7,22.0
2026-03-09 02:00,21.21,342.0,22.0
2026-03-09 03:00,20.6,335.9,22.0
2026-03-09 04:00,21.12,340.2,22.0
2026-03-09 05:00,21.08,340.7,22.0
2026-03-09 06:00,21.34,360.3,22.0
2026-03-09 07:00,21.39,365.9,22.0
2026-03-09 08:00,22.03,383.8,22.0
2026-03-09 09:00,22.72,413.7,22.0
2026-03-09 10:00,22.03,409.2,22.0
2026-03-09 11:00,22.98,429.4,22.0
2026-03-09 12:00,22.81,445.7,22.0
2026-03-09 13:00,23.34,457.0,22.0
2026-03-09 14:00,22.94,465.3,22.0
2026-03-09 15:00,22.78,462.2,22.0
2026-03-09 16:00,22.56,453.9,22.0
2026-03-09 17:00,22.44,450.7,22.0
2026-03-09 18:00,22.62,446.3,22.0
2026-03-09 19:00,22.32,425.7,22.0
2026-03-09 20:00,22.27,423.2,22.0
2026-03-09 21:00,21.67,397.1,22.0
2026-03-09 22:00,21.39,384.0,22.0
2026-03-09 23:00,21.08,361.4,22.0
2026-03-10 00:00,21.11,363.8,22.0
2026-03-10 01:00,20.83,338.4,22.0
2026-03-10 02:00,20.76,347.6,22.0
2026-03-10 03:00,21.11,341.0,22.0
2026-03-10 04:00,21.27,344.7,22.0
2026-03-10 05:00,20.99,351.1,22.0
2026-03-10 06:00,21.79,360.7,22.0
2026-03-10 07:00,21.74,368.9,22.0
2026-03-10 08:00,22.11,379.4,22.0
2026-03-10 09:00,22.48,396.9,22.0
2026-03-10 10:00,22.56,413.6,22.0
2026-03-10 11:00,23.0,427.3,22.0
2026-03-10 12:00,22.73,432.6,22.0
2026-03-10 13:00,22.51,441.6,22.0
2026-03-10 14:00,23.38,467.4,22.0
2026-03-10 15:00,22.79,449.9,22.0
2026-03-10 16:00,22.95,454.9,22.0
2026-03-10 17:00,23.07,461.2,22.0
2026-03-10 18:00,22.69,444.6,22.0
2026-03-10 19:00,22.34,424.5,22.0
2026-03-10 20:00,22.02,420.1,22.0
2026-03-10 21:00,22.01,396.8,22.0
2026-03-10 22:00,21.33,385.5,22.0
2026-03-10 23:00,21.19,367.9,22.0
2026-03-11 00:00,21.13,357.3,22.0
2026-03-11 01:00,21.35,346.8,22.0
2026-03-11 02:00,21.37,346.2,22.0
2026-03-11 03:00,20.86,331.5,22.0
2026-03-11 04:00,21.36,347.9,22.0
2026-03-11 05:00,21.03,344.6,22.0
2026-03-11 06:00,21.5,362.4,22.0
2026-03-11 07:00,21.79,373.2,22.0
2026-03-11 08:00,21.96,383.9,22.0
2026-03-11 09:00,22.47,395.9,22.0
2026-03-11 10:00,22.8,418.3,22.0
2026-03-11 11:00,22.52,427.4,22.0
2026-03-11 12:00,22.64,440.8,22.0
2026-03-11 13:00,23.17,455.4,22.0
2026-03-11 14:00,22.89,455.4,22.0
2026-03-11 15:00,22.88,461.9,22.0
2026-03-11 16:00,23.17,455.9,22.0
2026-03-11 17:00,22.57,448.2,22.0
2026-03-11 18:00,22.37,455.0,22.0
2026-03-11 19:00,22.55,424.1,22.0
2026-03-11 20:00,22.11,413.5,22.0
2026-03-11 21:00,21.86,410.6,22.0
2026-03-11 22:00,21.56,381.5,22.0
2026-03-11 23:00,21.21,369.6,22.0
2026-03-12 00:00,20.87,356.9,22.0
2026-03-12 01:00,21.25,350.4,22.0
2026-03-12 02:00,20.93,341.2,22.0
2026-03-12 03:00,20.96,342.7,22.0
2026-03-12 04:00,21.06,340.5,22.0
2026-03-12 05:00,21.39,355.4,22.0
2026-03-12 06:00,21.41,357.0,22.0
2026-03-12 07:00,21.46,368.1,22.0
2026-03-12 08:00,22.03,379.9,22.0
2026-03-12 09:00,22.17,397.2,22.0
2026-03-12 10:00,22.15,413.1,22.0
2026-03-12 11:00,22.91,427.7,22.0
2026-03-12 12:00,22.67,440.4,22.0
2026-03-12 13:00,22.85,449.8,22.0
2026-03-12 14:00,22.95,459.1,22.0
2026-03-12 15:00,22.88,459.5,22.0
2026-03-12 16:00,23.0,459.7,22.0
2026-03-12 17:00,22.9,453.0,22.0
2026-03-12 18:00,22.78,441.9,22.0
2026-03-12 19:00,22.65,432.3,22.0
2026-03-12 20:00,22.1,415.1,22.0
2026-03-12 21:00,21.72,396.6,22.0
2026-03-12 22:00,21.55,388.6,22.0
2026-03-12 23:00,21.48,377.5,22.0
2026-03-13 00:00,21.1,365.5,22.0
2026-03-13 01:00,20.91,346.7,22.0
2026-03-13 02:00,21.22,347.1,22.0
2026-03-13 03:00,20.91,339.6,22.0
2026-03-13 04:00,21.24,341.9,22.0
2026-03-13 05:00,21.32,352.2,22.0
2026-03-13 06:00,21.43,355.3,22.0
2026-03-13 07:00,21.75,370.6,22.0
2026-03-13 08:00,22.25,382.2,22.0
2026-03-13 09:00,22.45,396.9,22.0
2026-03-13 10:00,22.79,422.5,22.0
2026-03-13 11:00,22.98,439.4,22.0
2026-03-13 12:00,22.71,440.8,22.0
2026-03-13 13:00,23.06,448.6,22.0
2026-03-13 14:00,22.58,450.6,22.0
2026-03-13 15:00,23.34,467.7,22.0
2026-03-13 16:00,23.13,460.0,22.0
2026-03-13 17:00,22.79,455.8,22.0
2026-03-13 18:00,22.66,435.1,22.0
2026-03-13 19:00,22.08,432.2,22.0
2026-03-13 20:00,21.97,416.2,22.0
2026-03-13 21:00,21.71,399.4,22.0
2026-03-13 22:00,21.55,387.2,22.0
2026-03-13 23:00,21.34,364.2,22.0
2026-03-14 00:00,20.91,360.0,22.0
2026-03-14 01:00,21.26,350.1,22.0
2026-03-14 02:00,21.01,341.3,22.0
2026-03-14 03:00,20.59,336.2,22.0
2026-03-14 04:00,21.14,344.7,22.0
2026-03-14 05:00,21.25,350.2,22.0
2026-03-14 06:00,21.46,356.3,22.0
2026-03-14 07:00,21.86,369.7,22.0
2026-03-14 08:00,21.62,382.4,22.0
2026-03-14 09:00,21.97,400.7,22.0
2026-03-14 10:00,21.99,402.9,22.0
2026-03-14 11:00,22.47,427.8,22.0
2026-03-14 12:00,22.65,434.7,22.0
2026-03-14 13:00,23.25,458.0,22.0
2026-03-14 14:00,23.19,458.0,22.0
2026-03-14 15:00,22.77,457.8,22.0
2026-03-14 16:00,22.75,461.3,22.0
2026-03-14 17:00,22.78,453.6,22.0
2026-03-14 18:00,22.42,440.6,22.0
2026-03-14 19:00,22.11,435.7,22.0
2026-03-14 20:00,22.02,416.9,22.0
2026-03-14 21:00,21.72,396.3,22.0
2026-03-14 22:00,21.56,386.0,22.0
2026-03-14 23:00,21.63,371.2,22.0
2026-03-15 00:00,21.17,354.6,22.0
2026-03-15 01:00,20.96,339.3,22.0
2026-03-15 02:00,20.93,332.7,22.0
2026-03-15 03:00,21.0,337.6,22.0
2026-03-15 04:00,20.96,334.8,22.0
2026-03-15 05:00,21.46,352.2,22.0
2026-03-15 06:00,21.45,357.5,22.0
2026-03-15 07:00,21.95,375.7,22.0
2026-03-15 08:00,21.77,381.3,22.0
2026-03-15 09:00,22.14,396.6,22.0
2026-03-15 10:00,21.91,409.7,22.0
2026-03-15 11:00,22.71,428.9,22.0
2026-03-15 12:00,23.08,443.4,22.0
2026-03-15 13:00,22.73,445.5,22.0
2026-03-15 14:00,22.91,450.7,22.0
2026-03-15 15:00,22.88,459.5,22.0
2026-03-15 16:00,22.76,458.2,22.0
2026-03-15 17:00,22.96,446.9,22.0
2026-03-15 18:00,22.59,446.5,22.0
2026-03-15 19:00,22.11,422.3,22.0
2026-03-15 20:00,22.14,418.4,22.0
2026-03-15 21:00,22.13,405.0,22.0
2026-03-15 22:00,21.44,384.0,22.0
2026-03-15 23:00,21.19,367.5,22.0
2026-03-16 00:00,21.16,362.1,22.0
2026-03-16 01:00,20.96,339.6,22.0
2026-03-16 02:00,20.89,341.5,22.0
2026-03-16 03:00,21.05,330.2,22.0
2026-03-16 04:00,20.94,345.5,22.0
2026-03-16 05:00,21.05,348.8,22.0
2026-03-16 06:00,20.9,350.8,22.0
2026-03-16 07:00,21.94,373.9,22.0
2026-03-16 08:00,21.91,382.9,22.0
2026-03-16 09:00,22.24,408.8,22.0
2026-03-16 10:00,22.37,409.6,22.0
2026-03-16 11:00,22.67,432.7,22.0
2026-03-16 12:00,22.55,435.3,22.0
2026-03-16 13:00,23.17,455.4,22.0
2026-03-16 14:00,22.6,449.6,22.0
2026-03-16 15:00,22.88,455.1,22.0
2026-03-16 16:00,23.06,469.0,22.0
2026-03-16 17:00,22.6,452.3,22.0
2026-03-16 18:00,22.69,455.4,22.0
2026-03-16 19:00,22.29,427.4,22.0
2026-03-16 20:00,22.08,408.9,22.0
2026-03-16 21:00,21.62,400.0,22.0
2026-03-16 22:00,21.1,381.5,22.0
2026-03-16 23:00,20.81,367.2,22.0
2026-03-17 00:00,21.01,355.3,22.0
2026-03-17 01:00,20.86,345.1,22.0
2026-03-17 02:00,21.15,337.8,22.0
2026-03-17 03:00,21.12,347.2,22.0
2026-03-17 04:00,21.15,347.8,22.0
2026-03-17 05:00,21.05,346.5,22.0
2026-03-17 06:00,21.64,361.1,22.0
2026-03-17 07:00,21.59,363.5,22.0
2026-03-17 08:00,21.72,381.9,22.0
2026-03-17 09:00,21.83,399.9,22.0
2026-03-17 10:00,22.8,413.4,22.0
2026-03-17 11:00,22.49,432.2,22.0
2026-03-17 12:00,22.92,445.2,22.0
2026-03-17 13:00,22.81,450.4,22.0
2026-03-17 14:00,22.89,458.0,22.0
2026-03-17 15:00,23.12,459.1,22.0
2026-03-17 16:00,22.72,462.0,22.0
2026-03-17 17:00,23.02,449.6,22.0
2026-03-17 18:00,22.8,451.4,22.0
2026-03-17 19:00,22.71,438.0,22.0
2026-03-17 20:00,21.64,414.9,22.0
2026-03-17 21:00,21.53,399.7,22.0
2026-03-17 22:00,21.9,385.2,22.0
2026-03-17 23:00,21.19,371.2,22.0
2026-03-18 00:00,20.64,351.7,22.0
2026-03-18 01:00,21.17,338.5,22.0
2026-03-18 02:00,21.05,346.3,22.0
2026-03-18 03:00,20.99,339.2,22.0
2026-03-18 04:00,21.38,342.0,22.0
2026-03-18 05:00,20.89,350.0,22.0
2026-03-18 06:00,21.17,362.9,22.0
2026-03-18 07:00,21.37,368.0,22.0
2026-03-18 08:00,21.7,384.7,22.0
2026-03-18 09:00,21.87,393.1,22.0
2026-03-18 10:00,22.5,419.6,22.0
2026-03-18 11:00,23.02,433.3,22.0
2026-03-18 12:00,22.99,443.6,22.0
2026-03-18 13:00,22.85,447.1,22.0
2026-03-18 14:00,23.0,452.2,22.0
2026-03-18 15:00,23.27,464.5,22.0
2026-03-18 16:00,23.08,457.8,22.0
2026-03-18 17:00,22.62,451.2,22.0
2026-03-18 18:00,22.74,444.9,22.0
2026-03-18 19:00,22.68,441.0,22.0
2026-03-18 20:00,21.75,410.0,22.0
2026-03-18 21:00,21.67,393.5,22.0
2026-03-18 22:00,21.7,379.0,22.0
2026-03-18 23:00,21.42,368.5,22.0
2026-03-19 00:00,21.24,358.3,22.0
2026-03-19 01:00,20.93,342.9,22.0
2026-03-19 02:00,20.93,339.9,22.0
2026-03-19 03:00,21.16,340.6,22.0
2026-03-19 04:00,21.22,339.7,22.0
2026-03-19 05:00,21.61,349.7,22.0
2026-03-19 06:00,20.99,341.0,22.0
2026-03-19 07:00,21.31,376.3,22.0
2026-03-19 08:00,22.11,391.9,22.0
2026-03-19 09:00,22.15,389.8,22.0
2026-03-19 10:00,22.17,410.3,22.0
2026-03-19 11:00,22.75,437.3,22.0
2026-03-19 12:00,23.15,437.6,22.0
2026-03-19 13:00,22.99,456.6,22.0
2026-03-19 14:00,22.89,454.0,22.0
2026-03-19 15:00,22.95,467.9,22.0
2026-03-19 16:00,23.03,451.6,22.0
2026-03-19 17:00,22.74,450.6,22.0
2026-03-19 18:00,22.52,445.1,22.0
2026-03-19 19:00,22.03,417.9,22.0
2026-03-19 20:00,22.61,421.7,22.0
2026-03-19 21:00,21.77,399.4,22.0
2026-03-19 22:00,21.8,391.3,22.0
2026-03-19 23:00,20.96,371.5,22.0
2026-03-20 00:00,21.15,355.5,22.0
2026-03-20 01:00,20.81,340.5,22.0
2026-03-20 02:00,21.11,350.6,22.0
2026-03-20 03:00,20.49,332.8,22.0
2026-03-20 04:00,20.98,342.0,22.0
2026-03-20 05:00,21.21,343.7,22.0
2026-03-20 06:00,21.51,359.0,22.0
2026-03-20 07:00,21.48,371.8,22.0
2026-03-20 08:00,21.82,381.3,22.0
2026-03-20 09:00,22.4,399.7,22.0
2026-03-20 10:00,22.23,411.9,22.0
2026-03-20 11:00,22.86,437.4,22.0
2026-03-20 12:00,22.65,435.4,22.0
2026-03-20 13:00,22.61,445.8,22.0
2026-03-20 14:00,22.72,451.3,22.0
2026-03-20 15:00,23.4,470.3,22.0
2026-03-20 16:00,23.25,464.9,22.0
2026-03-20 17:00,22.82,451.3,22.0
2026-03-20 18:00,22.35,442.9,22.0
2026-03-20 19:00,22.37,424.2,22.0
2026-03-20 20:00,21.97,409.4,22.0
2026-03-20 21:00,22.0,403.3,22.0
2026-03-20 22:00,21.34,386.3,22.0
2026-03-20 23:00,21.35,372.7,22.0
2026-03-21 00:00,20.66,352.7,22.0
2026-03-21 01:00,20.77,350.3,22.0
2026-03-21 02:00,21.17,333.5,22.0
2026-03-21 03:00,20.81,334.0,22.0
2026-03-21 04:00,21.12,342.4,22.0
2026-03-21 05:00,21.01,342.9,22.0
2026-03-21 06:00,21.48,361.6,22.0
2026-03-21 07:00,21.25,369.9,22.0
2026-03-21 08:00,22.06,381.6,22.0
2026-03-21 09:00,21.95,396.4,22.0
2026-03-21 10:00,22.62,417.4,22.0
2026-03-21 11:00,22.6,431.7,22.0
2026-03-21 12:00,23.25,446.2,22.0
2026-03-21 13:00,22.77,457.8,22.0
2026-03-21 14:00,23.04,472.6,22.0
2026-03-21 15:00,22.93,453.9,22.0
2026-03-21 16:00,22.96,457.5,22.0
2026-03-21 17:00,23.07,458.5,22.0
2026-03-21 18:00,22.47,438.0,22.0
2026-03-21 19:00,22.62,435.1,22.0
2026-03-21 20:00,22.33,421.2,22.0
2026-03-21 21:00,21.76,403.5,22.0
2026-03-21 22:00,21.49,377.9,22.0
2026-03-21 23:00,21.53,367.7,22.0
2026-03-22 00:00,20.99,353.2,22.0
2026-03-22 01:00,21.19,345.9,22.0
2026-03-22 02:00,21.07,345.8,22.0
2026-03-22 03:00,21.36,341.5,22.0
2026-03-22 04:00,21.07,333.2,22.0
2026-03-22 05:00,21.6,353.4,22.0
2026-03-22 06:00,21.38,361.6,22.0
2026-03-22 07:00,21.77,367.3,22.0
2026-03-22 08:00,21.85,381.5,22.0
2026-03-22 09:00,21.82,392.5,22.0
2026-03-22 10:00,22.41,417.3,22.0
2026-03-22 11:00,22.56,426.2,22.0
2026-03-22 12:00,22.83,443.9,22.0
2026-03-22 13:00,23.0,452.8,22.0
2026-03-22 14:00,22.98,456.7,22.0
2026-03-22 15:00,22.8,455.6,22.0
2026-03-22 16:00,22.48,448.8,22.0
2026-03-22 17:00,22.55,446.0,22.0
2026-03-22 18:00,22.66,448.1,22.0
2026-03-22 19:00,22.14,430.8,22.0
2026-03-22 20:00,22.42,417.0,22.0
2026-03-22 21:00,21.61,399.6,22.0
2026-03-22 22:00,21.48,378.6,22.0
2026-03-22 23:00,21.37,365.3,22.0
2026-03-23 00:00,20.72,352.5,22.0
2026-03-23 01:00,20.83,350.4,22.0
2026-03-23 02:00,21.26,345.1,22.0
2026-03-23 03:00,20.99,337.0,22.0
2026-03-23 04:00,21.15,349.0,22.0
2026-03-23 05:00,21.34,356.0,22.0
2026-03-23 06:00,21.38,352.9,22.0
2026-03-23 07:00,21.94,371.1,22.0
2026-03-23 08:00,22.11,388.9,22.0
2026-03-23 09:00,22.31,403.3,22.0
2026-03-23 10:00,22.44,419.5,22.0
2026-03-23 11:00,22.61,424.6,22.0
2026-03-23 12:00,23.28,455.9,22.0
2026-03-23 13:00,23.17,448.5,22.0
2026-03-23 14:00,22.77,448.6,22.0
2026-03-23 15:00,22.89,462.0,22.0
2026-03-23 16:00,22.81,455.0,22.0
2026-03-23 17:00,22.54,449.2,22.0
2026-03-23 18:00,22.13,437.0,22.0
2026-03-23 19:00,22.19,425.2,22.0
2026-03-23 20:00,22.02,420.6,22.0
2026-03-23 21:00,21.99,393.9,22.0
2026-03-23 22:00,21.44,378.8,22.0
2026-03-23 23:00,21.08,365.3,22.0
2026-03-24 00:00,21.28,359.5,22.0
2026-03-24 01:00,21.3,354.4,22.0
2026-03-24 02:00,21.13,342.8,22.0
2026-03-24 03:00,21.15,334.8,22.0
2026-03-24 04:00,21.25,344.7,22.0
2026-03-24 05:00,21.01,351.0,22.0
2026-03-24 06:00,21.36,351.9,22.0
2026-03-24 07:00,21.82,370.7,22.0
2026-03-24 08:00,21.92,385.0,22.0
2026-03-24 09:00,22.41,406.3,22.0
2026-03-24 10:00,22.77,419.3,22.0
2026-03-24 11:00,22.87,436.3,22.0
2026-03-24 12:00,22.97,446.1,22.0
2026-03-24 13:00,23.52,457.3,22.0
2026-03-24 14:00,22.75,452.7,22.0
2026-03-24 15:00,23.18,467.9,22.0
2026-03-24 16:00,22.72,455.8,22.0
2026-03-24 17:00,22.96,456.6,22.0
2026-03-24 18:00,22.73,452.5,22.0
2026-03-24 19:00,22.73,434.5,22.0
2026-03-24 20:00,21.7,408.4,22.0
2026-03-24 21:00,21.7,401.4,22.0
2026-03-24 22:00,21.37,382.4,22.0
2026-03-24 23:00,21.13,369.3,22.0
2026-03-25 00:00,21.1,351.2,22.0
2026-03-25 01:00,21.25,348.7,22.0
2026-03-25 02:00,21.13,344.7,22.0
2026-03-25 03:00,20.9,343.8,22.0
2026-03-25 04:00,21.11,339.6,22.0
2026-03-25 05:00,21.47,352.7,22.0
2026-03-25 06:00,21.39,356.5,22.0
2026-03-25 07:00,21.48,371.2,22.0
2026-03-25 08:00,22.19,388.7,22.0
2026-03-25 09:00,22.5,404.6,22.0
2026-03-25 10:00,22.18,420.5,22.0
2026-03-25 11:00,22.41,431.1,22.0
2026-03-25 12:00,22.73,437.7,22.0
2026-03-25 13:00,23.15,457.9,22.0
2026-03-25 14:00,23.39,459.1,22.0
2026-03-25 15:00,22.82,461.2,22.0
2026-03-25 16:00,22.59,451.0,22.0
2026-03-25 17:00,22.45,452.5,22.0
2026-03-25 18:00,22.65,444.6,22.0
2026-03-25 19:00,22.26,426.4,22.0
2026-03-25 20:00,21.98,418.1,22.0
2026-03-25 21:00,21.72,403.7,22.0
2026-03-25 22:00,21.89,387.4,22.0
2026-03-25 23:00,21.1,371.6,22.0
2026-03-26 00:00,21.18,358.0,22.0
2026-03-26 01:00,20.7,343.7,22.0
2026-03-26 02:00,21.13,340.1,22.0
2026-03-26 03:00,21.33,344.1,22.0
2026-03-26 04:00,21.49,341.8,22.0
2026-03-26 05:00,21.25,343.8,22.0
2026-03-26 06:00,21.73,356.4,22.0
2026-03-26 07:00,21.49,370.2,22.0
2026-03-26 08:00,21.75,385.7,22.0
2026-03-26 09:00,22.31,395.6,22.0
2026-03-26 10:00,22.63,415.4,22.0
2026-03-26 11:00,22.85,425.6,22.0
2026-03-26 12:00,22.44,441.5,22.0
2026-03-26 13:00,22.59,447.5,22.0
2026-03-26 14:00,22.96,450.6,22.0
2026-03-26 15:00,23.14,461.8,22.0
2026-03-26 16:00,22.93,454.3,22.0
2026-03-26 17:00,22.51,444.6,22.0
2026-03-26 18:00,22.42,441.6,22.0
2026-03-26 19:00,22.32,430.5,22.0
2026-03-26 20:00,22.16,417.9,22.0
2026-03-26 21:00,21.79,404.8,22.0
2026-03-26 22:00,21.66,387.7,22.0
2026-03-26 23:00,21.37,371.2,22.0
2026-03-27 00:00,21.32,346.8,22.0
2026-03-27 01:00,20.79,343.5,22.0
2026-03-27 02:00,20.7,340.4,22.0
2026-03-27 03:00,21.06,348.7,22.0
2026-03-27 04:00,20.87,338.6,22.0
2026-03-27 05:00,21.57,350.2,22.0
2026-03-27 06:00,21.32,358.9,22.0
2026-03-27 07:00,21.88,376.6,22.0
2026-03-27 08:00,21.86,380.9,22.0
2026-03-27 09:00,22.27,400.7,22.0
2026-03-27 10:00,22.47,415.5,22.0
2026-03-27 11:00,23.43,439.3,22.0
2026-03-27 12:00,22.68,443.3,22.0
2026-03-27 13:00,23.02,446.7,22.0
2026-03-27 14:00,22.81,449.8,22.0
2026-03-27 15:00,23.06,462.0,22.0
2026-03-27 16:00,23.23,455.9,22.0
2026-03-27 17:00,22.73,455.9,22.0
2026-03-27 18:00,22.59,446.3,22.0
2026-03-27 19:00,22.18,427.4,22.0
2026-03-27 20:00,22.06,421.4,22.0
2026-03-27 21:00,21.98,399.6,22.0
2026-03-27 22:00,21.62,386.0,22.0
2026-03-27 23:00,21.72,366.7,22.0
2026-03-28 00:00,20.76,361.7,22.0
2026-03-28 01:00,20.91,354.6,22.0
2026-03-28 02:00,20.71,335.2,22.0
2026-03-28 03:00,21.08,346.3,22.0
2026-03-28 04:00,20.79,343.1,22.0
2026-03-28 05:00,21.3,353.4,22.0
2026-03-28 06:00,21.39,351.1,22.0
2026-03-28 07:00,21.76,372.4,22.0
2026-03-28 08:00,22.2,390.9,22.0
2026-03-28 09:00,22.35,407.5,22.0
2026-03-28 10:00,22.64,416.1,22.0
2026-03-28 11:00,22.73,435.8,22.0
2026-03-28 12:00,23.06,451.9,22.0
2026-03-28 13:00,23.05,452.0,22.0
2026-03-28 14:00,22.59,453.7,22.0
2026-03-28 15:00,23.41,470.3,22.0
2026-03-28 16:00,22.83,453.3,22.0
2026-03-28 17:00,22.71,455.1,22.0
2026-03-28 18:00,22.59,449.6,22.0
2026-03-28 19:00,22.28,435.0,22.0
2026-03-28 20:00,22.41,418.1,22.0
2026-03-28 21:00,21.74,402.4,22.0
2026-03-28 22:00,21.71,385.6,22.0
2026-03-28 23:00,21.2,367.9,22.0
2026-03-29 00:00,21.61,366.4,22.0
2026-03-29 01:00,20.71,344.7,22.0
2026-03-29 02:00,20.64,335.6,22.0
2026-03-29 03:00,20.97,338.6,22.0
2026-03-29 04:00,20.99,335.1,22.0
2026-03-29 05:00,20.99,333.5,22.0
2026-03-29 06:00,21.37,365.6,22.0
2026-03-29 07:00,21.44,355.6,22.0
2026-03-29 08:00,21.94,388.0,22.0
2026-03-29 09:00,22.49,401.1,22.0
2026-03-29 10:00,22.75,424.0,22.0
2026-03-29 11:00,22.59,423.8,22.0
2026-03-29 12:00,22.75,437.4,22.0
2026-03-29 13:00,22.82,450.8,22.0
2026-03-29 14:00,23.12,465.6,22.0
2026-03-29 15:00,22.92,452.6,22.0
2026-03-29 16:00,22.98,461.4,22.0
2026-03-29 17:00,22.59,448.1,22.0
2026-03-29 18:00,22.39,439.5,22.0
2026-03-29 19:00,22.2,426.5,22.0
2026-03-29 20:00,21.96,408.8,22.0
2026-03-29 21:00,21.89,396.1,22.0
2026-03-29 22:00,21.88,386.4,22.0
2026-03-29 23:00,21.47,363.2,22.0
2026-03-30 00:00,21.26,357.0,22.0
2026-03-30 01:00,21.32,352.5,22.0
2026-03-30 02:00,21.09,342.4,22.0
2026-03-30 03:00,21.15,339.5,22.0
2026-03-30 04:00,21.09,337.6,22.0
2026-03-30 05:00,21.81,355.7,22.0
2026-03-30 06:00,21.85,362.9,22.0
2026-03-30 07:00,21.95,372.6,22.0
2026-03-30 08:00,22.13,394.2,22.0
2026-03-30 09:00,22.02,392.1,22.0
2026-03-30 10:00,22.31,416.5,22.0
2026-03-30 11:00,22.46,424.0,22.0
2026-03-30 12:00,22.91,436.3,22.0
2026-03-30 13:00,23.27,460.5,22.0
2026-03-30 14:00,22.91,451.0,22.0
2026-03-30 15:00,22.96,455.7,22.0
2026-03-30 16:00,23.01,453.8,22.0
2026-03-30 17:00,22.76,455.5,22.0
2026-03-30 18:00,22.61,444.9,22.0
2026-03-30 19:00,22.1,438.6,22.0
2026-03-30 20:00,22.34,417.6,22.0
2026-03-30 21:00,21.65,398.2,22.0
2026-03-30 22:00,21.37,385.4,22.0
2026-03-30 23:00,21.06,367.3,22.0
2026-03-31 00:00,20.72,356.7,22.0
2026-03-31 01:00,21.09,345.0,22.0
2026-03-31 02:00,20.87,340.2,22.0
2026-03-31 03:00,21.42,344.5,22.0
2026-03-31 04:00,21.27,338.4,22.0
2026-03-31 05:00,20.91,339.3,22.0
2026-03-31 06:00,21.56,360.3,22.0
2026-03-31 07:00,21.87,370.6,22.0
2026-03-31 08:00,22.08,383.5,22.0
2026-03-31 09:00,22.04,397.6,22.0
2026-03-31 10:00,22.41,406.2,22.0
2026-03-31 11:00,22.79,425.7,22.0
2026-03-31 12:00,22.91,447.5,22.0
2026-03-31 13:00,23.01,452.4,22.0
2026-03-31 14:00,22.7,456.9,22.0
2026-03-31 15:00,23.02,467.2,22.0
2026-03-31 16:00,23.01,460.6,22.0
2026-03-31 17:00,22.82,453.4,22.0
2026-03-31 18:00,22.47,447.0,22.0
2026-03-31 19:00,22.44,435.0,22.0
2026-03-31 20:00,21.97,415.7,22.0
2026-03-31 21:00,21.9,399.8,22.0
2026-03-31 22:00,21.08,378.6,22.0
2026-03-31 23:00,21.44,368.6,22.0
